os	plugin	py_src	py_runs	py_wall	py_med	py_cpu	py_rss_mb	py_rc	vr_cold_wall	vr_cold_med	vr_cold_cpu	vr_cold_rss_mb	vr_cold_rc	vr_warm_wall	vr_warm_med	vr_warm_cpu	vr_warm_rss_mb	vr_warm_rc	rs_cold_wall	rs_cold_med	rs_cold_cpu	rs_cold_rss_mb	rs_cold_rc	rs_steady_wall	rs_steady_med	rs_steady_cpu	rs_steady_rss_mb	rs_steady_rc	rs_warm_wall	rs_warm_med	rs_warm_cpu	rs_warm_rss_mb	rs_warm_rc	rs_eq_py	rs_consistent	volrs_cold_eq_py	volrs_warm_eq_py	speedup_cold_vs_vr_cold	speedup_steady_vs_vr_warm	speedup_warm_vs_vr_warm	speedup_steady_vs_py	rs_cold_pass2_wall	rs_steady_pass2_wall	rs_warm_pass2_wall	volrs_run1_wall	py_files_mb	rs_files_mb	volrs_files_mb	load1_at_start	note
windows	banners.Banners	pass1	2	29.2259	29.5092	29.2116	74	0	0.6241	0.6346	11.1501	5174	0	0.6263	0.6292	11.068	5176	0	0.1821	0.1824	5.5614	20	0	0.1817	0.1826	5.5668	20	0	0.0016	0.0016	0.0014	20	0	yes	1	1	1	3.427	3.447	391.437	160.8	0.1844	0.1831	0.0023	0.6223	0.0	0.0	0.0	0.21	warm: fastvol replays the cached hits of its whole-image banner scan
windows	frameworkinfo.FrameworkInfo	pass2	2	0.3829	0.3892	0.3828	54	0	0.005	0.0051	0.0049	19	0	0.0038	0.0042	0.0037	19	0	0.0011	0.0013	0.001	20	0	0.0011	0.0012	0.001	20	0	0.0012	0.0012	0.0011	20	0	sorted =	1	0	0	4.545	3.455	3.167	348.1	0.0016	0.0015	0.0017	0.0042	0.0	0.0	0.0	2.76	python lists components in the readdir order of its install dir (ext4 here, btrfs on the reference machine): sorted outputs identical, and fastvol's output is byte-identical to python's on the reference machine
windows	isfinfo.IsfInfo	pass2	2	0.3745	0.3836	0.3738	54	0	0.0038	0.0041	0.0036	19	0	0.0037	0.0039	0.0036	19	0	0.0303	0.0307	0.0624	20	0	0.0027	0.0028	0.0026	20	0	0.0025	0.0026	0.0024	20	0	= py rerun	1	0	0	0.125	1.370	1.480	138.7	0.0031	0.0029	0.0028	0.0034	0.0	0.0	0.0	2.76	python's recorded output predates a new kernel ISF in python's symbols dir; fastvol's output = python's, run side by side after pass 3 (see Checks). Cold: see Changes since pass 2
windows	vmscan.Vmscan	pass1	2	1.878	1.8818	1.8772	74	0	0.0041	0.0047	0.004	19	0	0.0041	0.005	0.004	19	0	0.041	0.0433	0.9926	436	0	0.039	0.0444	0.9845	423	0	0.0016	0.0017	0.0015	20	0	yes	1	1	1	0.100	0.105	2.562	48.2	0.2858	0.3109	0.015	0.0047	0.0	0.0	0.0	2.76	vol-rs ships no VMCS ISFs and returns the empty table without reading the image; python and fastvol scan the whole 5 GiB image (fastvol warm: from its scan cache)
windows	windows.amcache.Amcache	pass1	2	1.0393	1.0589	1.0387	102	0	0.5613	0.5632	0.8088	290	0	0.0847	0.088	0.319	162	0	0.0182	0.0194	0.0829	31	0	0.0021	0.0025	0.002	20	0	0.0023	0.0024	0.0022	20	0	yes	1	1	1	30.841	40.333	36.826	494.9	0.0662	0.0032	0.0027	0.0846	0.0	0.0	0.0	2.76	
windows	windows.bigpools.BigPools	pass1	2	4.4881	4.6389	4.4858	105	0	0.6161	0.6213	0.891	287	0	0.1392	0.1421	0.3932	148	0	0.0196	0.0205	0.0884	29	0	0.0057	0.0059	0.0123	20	0	0.0052	0.0062	0.0121	20	0	yes	1	1	1	31.434	24.421	26.769	787.4	0.0665	0.0101	0.0092	0.1423	0.0	0.0	0.0	2.76	
windows	windows.cachedump.Cachedump	pass1	2	2.0921	2.1002	2.0904	104	0	0.5648	0.5748	0.821	294	0	0.0968	0.0983	0.3282	163	0	0.0207	0.021	0.0843	37	0	0.0046	0.0054	0.0045	20	0	0.0043	0.005	0.0042	20	0	yes	1	1	1	27.285	21.043	22.512	454.8	0.0638	0.0065	0.0059	0.0929	0.0	0.0	0.0	2.76	
windows	windows.callbacks.Callbacks	pass1	2	19.4381	19.5957	19.4309	127	0	2.9626	2.991	35.0921	2350	0	2.4459	2.4844	35.4454	2170	0	0.0652	0.0666	1.1769	168	0	0.0483	0.0503	1.0881	149	0	0.0067	0.0069	0.0066	24	0	yes	1	1	1	45.439	50.640	365.060	402.4	0.1309	0.0784	0.0086	2.5052	0.0	0.0	0.0	2.76	
windows	windows.cmdline.CmdLine	pass1	2	1.2257	1.2449	1.2241	103	0	0.5592	0.5687	0.8091	327	0	0.0911	0.094	0.327	199	0	0.0197	0.02	0.091	72	0	0.0053	0.0058	0.0177	57	0	0.0048	0.0057	0.0163	57	0	yes	1	1	1	28.386	17.189	18.979	231.3	0.0672	0.0097	0.0091	0.0895	0.0	0.0	0.0	2.76	
windows	windows.cmdscan.CmdScan	pass1	2	5.8257	5.8384	5.8219	108	0	0.8334	0.8375	1.0458	324	0	0.3601	0.3653	0.6154	207	0	0.0258	0.0261	0.1646	117	0	0.0125	0.0136	0.1139	96	0	0.0066	0.0072	0.0361	92	0	yes	1	0	0	32.302	28.808	54.561	466.1	0.0777	0.0197	0.0165	0.3565	0.0	0.0	0.0	2.76	
windows	windows.consoles.Consoles	pass1	2	7.5722	7.7759	7.5692	108	0	0.8325	0.8408	1.1265	338	0	0.3593	0.3636	0.6053	206	0	0.0232	0.0234	0.1184	76	0	0.0096	0.0101	0.05	64	0	0.0097	0.0099	0.0454	63	0	yes	1	0	0	35.884	37.427	37.041	788.8	0.0756	0.0165	0.0171	0.3561	0.0	0.0	0.0	2.76	
windows	windows.crashinfo.Crashinfo	pass1	2	0.4322	0.4363	0.4308	58	1	0.5549	0.5609	0.7859	280	1	0.0838	0.0846	0.3283	147	1	0.0011	0.0012	0.001	20	1	0.0011	0.0011	0.001	20	1	0.0011	0.0011	0.0009	20	1	yes	1	1	1	504.455	76.182	76.182	392.9	0.0022	0.0021	0.0022	0.0788	0.0	0.0	0.0	2.76	not a crash dump: every tool exits 1
windows	windows.debugregisters.DebugRegisters	pass1	2	19.1162	19.1903	19.104	192	0	0.5607	0.57	0.777	318	0	0.0948	0.097	0.3528	180	0	0.0249	0.0258	0.1474	188	0	0.0115	0.0124	0.0857	167	0	0.0115	0.0142	0.0847	167	0	yes	1	1	1	22.518	8.243	8.243	1662.3	0.0812	0.0239	0.024	0.0957	0.0	0.0	0.0	2.76	
windows	windows.deskscan.DeskScan	pass1	2	13.7682	13.9404	13.7629	127	0	2.6191	2.6724	32.8347	2322	0	2.1714	2.2101	33.231	2337	0	0.0661	0.068	1.1737	198	0	0.0531	0.0543	1.0637	174	0	0.0066	0.0069	0.0093	64	0	yes	1	1	1	39.623	40.893	329.000	259.3	0.1346	0.0781	0.0116	2.2338	0.0	0.0	0.0	2.76	
windows	windows.desktops.Desktops	pass1	2	17.2453	17.3325	17.2364	132	0	2.7064	2.7413	33.8634	2283	0	2.2174	2.345	32.9319	2308	0	0.0692	0.0708	1.1639	255	0	0.055	0.0569	1.1318	231	0	0.0101	0.0108	0.0363	132	0	yes	1	1	1	39.110	40.316	219.545	313.6	0.1454	0.0825	0.0204	2.2374	0.0	0.0	0.0	5.82	
windows	windows.devicetree.DeviceTree	pass1	2	13.8406	14.0431	13.8348	121	0	2.6584	2.7505	33.888	2248	0	2.1846	2.3161	33.6811	2326	0	0.0662	0.0671	1.1274	190	0	0.0522	0.0537	1.076	173	0	0.0052	0.0053	0.0164	64	0	yes	1	1	1	40.157	41.851	420.115	265.1	0.1328	0.0768	0.0098	2.1727	0.0	0.0	0.0	5.82	
windows	windows.dlllist.DllList	pass1	2	8.4592	8.7771	8.4551	206	0	0.7029	0.7103	0.9473	529	0	0.2266	0.2333	0.4519	401	0	0.0231	0.0238	0.1312	270	0	0.009	0.0092	0.058	250	0	0.0091	0.0092	0.0593	249	0	yes	1	0	0	30.429	25.178	24.901	939.9	0.0855	0.0268	0.0268	0.2302	0.0	0.0	0.0	5.82	
windows	windows.driverirp.DriverIrp	pass1	2	14.8221	14.9865	14.8163	130	0	2.6662	2.682	34.2797	2235	0	2.1712	2.2865	32.5305	2259	0	0.0701	0.0702	1.1813	185	0	0.0539	0.056	1.078	170	0	0.0101	0.0103	0.018	62	0	yes	1	1	1	38.034	40.282	214.970	275.0	0.1355	0.0796	0.0146	2.2432	0.0	0.0	0.0	5.82	
windows	windows.drivermodule.DriverModule	pass1	2	13.7297	13.981	13.7244	126	0	2.5877	2.7102	33.2391	2220	0	2.1478	2.1846	31.8113	2288	0	0.0643	0.0658	1.1321	184	0	0.0489	0.0522	1.0855	165	0	0.0051	0.0053	0.0133	58	0	yes	1	1	1	40.244	43.922	421.137	280.8	0.1319	0.0788	0.0088	2.1889	0.0	0.0	0.0	5.82	
windows	windows.driverscan.DriverScan	pass1	2	14.0953	14.1417	14.0892	122	0	2.6307	2.6642	33.8244	2268	0	2.194	2.2366	33.5605	2259	0	0.0641	0.0676	1.1484	185	0	0.0495	0.052	1.0538	169	0	0.0052	0.0056	0.0132	59	0	yes	1	1	1	41.041	44.323	421.923	284.8	0.1334	0.0776	0.0093	2.1641	0.0	0.0	0.0	5.82	
windows	windows.dumpfiles.DumpFiles	pass1	2	144.3714	145.2227	144.2405	182	0	8.0866	8.1289	8.3709	8085	0	7.522	7.6749	7.7705	7984	0	0.1569	0.1589	1.1584	2036	0	0.1458	0.1465	1.1141	2018	0	0.1437	0.1484	1.0884	2019	0	yes	1	0	0	51.540	51.591	52.345	990.2	0.2963	0.2425	0.24	7.5956	1481.6	1481.6	4538.3	5.82	writes 1.48 GB of files per run (vol-rs: 4.5 GB, different set)
windows	windows.envars.Envars	pass1	2	1.8964	1.9643	1.8935	106	0	0.5716	0.5827	0.8198	331	0	0.1018	0.1046	0.3085	209	0	0.0207	0.0215	0.0982	76	0	0.006	0.0062	0.0242	61	0	0.0061	0.0066	0.0234	61	0	yes	1	1	1	27.614	16.967	16.689	316.1	0.0686	0.0116	0.0122	0.1004	0.0	0.0	0.0	5.59	
windows	windows.etwpatch.EtwPatch	pass1	2	17.5077	17.8203	17.4973	196	0	0.6992	0.7098	0.9463	556	0	0.224	0.2293	0.4323	436	0	0.0482	0.0497	0.2527	249	0	0.0252	0.0258	0.1469	222	0	0.022	0.0224	0.1358	222	0	yes	1	1	1	14.506	8.889	10.182	694.8	0.1182	0.0468	0.0453	0.2203	0.0	0.0	0.0	5.59	
windows	windows.filescan.FileScan	pass1	2	24.5858	24.6552	24.5744	148	0	2.7778	2.8425	32.822	2203	0	2.3062	2.3151	32.7718	2365	0	0.0712	0.0739	1.1805	282	0	0.0567	0.0585	1.0615	264	0	0.014	0.014	0.0487	167	0	yes	1	0	0	39.014	40.674	164.729	433.6	0.145	0.0903	0.0283	2.3736	0.0	0.0	0.0	5.59	
windows	windows.getservicesids.GetServiceSIDs	pass1	2	2.5572	2.5574	2.5545	108	0	0.5984	0.6021	0.8611	293	0	0.1278	0.1312	0.367	164	0	0.0197	0.0203	0.0795	38	0	0.0037	0.0043	0.0036	21	0	0.0033	0.0041	0.0032	21	0	yes	1	1	1	30.376	34.541	38.727	691.1	0.0664	0.0051	0.0051	0.1291	0.0	0.0	0.0	5.59	
windows	windows.getsids.GetSIDs	pass1	2	2.7999	2.852	2.798	105	0	0.5982	0.6008	0.8207	308	0	0.1203	0.1241	0.3617	177	0	0.022	0.0229	0.1056	48	0	0.0069	0.0078	0.0315	29	0	0.0079	0.0081	0.0321	29	0	yes	1	0	0	27.191	17.435	15.228	405.8	0.068	0.0102	0.01	0.1215	0.0	0.0	0.0	5.59	
windows	windows.handles.Handles	pass1	2	37.617	37.8944	37.5841	162	0	1.1296	1.1509	1.3967	510	0	0.6672	0.675	0.9397	390	0	0.0265	0.0276	0.1768	271	0	0.0135	0.0145	0.1091	253	0	0.0132	0.0137	0.1078	253	0	yes	1	1	1	42.626	49.422	50.545	2786.4	0.1178	0.0615	0.0666	0.6562	0.0	0.0	0.0	5.59	
windows	windows.hashdump.Hashdump	pass1	2	1.8913	1.9914	1.8909	105	0	0.5634	0.5702	0.8228	291	1	0.0927	0.0971	0.3206	162	1	0.0207	0.0217	0.0838	30	0	0.0046	0.0048	0.0045	21	0	0.0044	0.0048	0.0043	21	0	yes	1	0	0	27.217	20.152	21.068	411.2	0.065	0.0063	0.0056	0.0894	0.0	0.0	0.0	5.59	
windows	windows.iat.IAT	pass1	2	4.6201	4.7801	4.6138	172	0	0.643	0.6506	0.8639	460	0	0.1704	0.1727	0.416	350	0	0.0228	0.0253	0.1251	86	0	0.0106	0.0111	0.0615	68	0	0.0103	0.0108	0.0557	66	0	yes	1	1	1	28.202	16.075	16.544	435.9	0.0827	0.0249	0.0242	0.1682	0.0	0.0	0.0	5.59	
windows	windows.info.Info	pass1	2	0.8405	0.8486	0.8401	99	0	0.5694	0.5712	0.7892	268	0	0.0817	0.0823	0.3066	148	0	0.0187	0.0194	0.0875	27	0	0.0019	0.0021	0.0018	22	0	0.0016	0.0019	0.0015	22	0	= py rerun	1	0	0	30.449	43.000	51.062	442.4	0.063	0.0027	0.0022	0.0813	0.0	0.0	0.0	5.59	its Symbols row names the kernel ISF, which now resolves to python's install dir; fastvol's output = python's, run side by side after pass 3 (see Checks)
windows	windows.joblinks.JobLinks	pass1	2	1.1352	1.1559	1.1337	105	0	0.562	0.5748	0.7768	301	0	0.0942	0.0969	0.3603	183	0	0.0201	0.0209	0.0969	62	0	0.0056	0.0058	0.0163	41	0	0.0052	0.0058	0.0141	41	0	yes	1	1	1	27.960	16.821	18.115	202.7	0.0661	0.0084	0.0081	0.0896	0.0	0.0	0.0	5.59	
windows	windows.kpcrs.KPCRs	pass1	2	0.925	0.9961	0.9246	101	0	0.5616	0.565	0.7855	264	0	0.0821	0.0836	0.3241	148	0	0.0181	0.0187	0.08	27	0	0.0017	0.0019	0.0015	22	0	0.0015	0.0019	0.0014	22	0	yes	1	1	1	31.028	48.294	54.733	544.1	0.0635	0.0024	0.0019	0.0811	0.0	0.0	0.0	5.59	
windows	windows.lsadump.Lsadump	pass1	2	2.1235	2.1797	2.1217	105	0	0.5681	0.5771	0.7931	302	0	0.0909	0.0959	0.3123	161	0	0.0214	0.022	0.0841	30	0	0.0046	0.0054	0.0045	22	0	0.0051	0.0054	0.005	22	0	yes	1	0	0	26.547	19.761	17.824	461.6	0.0668	0.006	0.0057	0.0941	0.0	0.0	0.0	5.59	
windows	windows.malware.drivermodule.DriverModule	pass1	2	14.1202	14.2985	14.1131	126	0	2.6348	2.695	33.5985	2238	0	2.1516	2.2442	33.0378	2319	0	0.0645	0.066	1.1262	183	0	0.0509	0.0524	1.0419	167	0	0.005	0.0053	0.013	58	0	yes	1	1	1	40.850	42.271	430.320	277.4	0.1338	0.078	0.009	2.1512	0.0	0.0	0.0	5.59	
windows	windows.mbrscan.MBRScan	pass1	2	16.5333	16.6348	16.518	132	0	1.3702	1.3868	7.0577	5283	0	0.8999	0.9082	6.6276	5267	0	0.2151	0.2209	3.9104	52	0	0.2008	0.2026	3.7375	31	0	0.0715	0.0776	0.2489	258	0	yes	1	0	0	6.370	4.482	12.586	82.3	0.2796	0.2132	0.1026	0.8934	0.0	0.0	0.0	5.71	
windows	windows.modscan.ModScan	pass1	2	13.0791	13.1738	13.0713	121	0	2.618	2.6695	33.9076	2214	0	2.147	2.2355	32.7828	2258	0	0.0634	0.0674	1.1201	152	0	0.0476	0.0501	1.0346	135	0	0.0029	0.003	0.0027	22	0	yes	1	1	1	41.293	45.105	740.345	274.8	0.1322	0.075	0.004	2.1819	0.0	0.0	0.0	5.71	
windows	windows.modules.Modules	pass1	2	1.0095	1.0126	1.0092	99	0	0.5624	0.5675	0.811	273	0	0.0855	0.0868	0.3337	154	0	0.0182	0.0191	0.0776	33	0	0.0025	0.003	0.0024	22	0	0.0026	0.003	0.0024	22	0	yes	1	1	1	30.901	34.200	32.885	403.8	0.0651	0.0039	0.0033	0.0841	0.0	0.0	0.0	5.71	
windows	windows.mutantscan.MutantScan	pass1	2	13.5085	13.6022	13.504	121	0	2.6349	2.6902	34.3012	2239	0	2.1962	2.2191	33.7349	2398	0	0.0644	0.0674	1.1554	169	0	0.0505	0.0531	1.0839	151	0	0.0048	0.0051	0.0072	36	0	yes	1	1	1	40.915	43.489	457.542	267.5	0.138	0.0755	0.008	2.1644	0.0	0.0	0.0	5.71	
windows	windows.netscan.NetScan	pass1	2	20.6808	20.7208	20.6709	119	0	2.6271	2.6717	33.9947	2259	0	2.1678	2.291	33.707	2279	0	0.0663	0.0688	1.0863	157	0	0.0539	0.0578	1.0751	133	0	0.0033	0.0034	0.0038	22	0	yes	1	1	1	39.624	40.219	656.909	383.7	0.1329	0.0758	0.0061	2.2592	0.0	0.0	0.0	9.09	
windows	windows.netstat.NetStat	pass1	2	1.164	1.2439	1.1622	105	0	1.0531	1.0699	1.308	303	0	0.5718	0.5737	0.7951	303	0	0.0285	0.0289	0.1	37	0	0.0036	0.0039	0.0039	22	0	0.0032	0.0039	0.0035	22	0	yes	1	1	1	36.951	158.833	178.687	323.3	0.0677	0.0065	0.0064	0.561	0.0	0.0	0.0	9.09	
windows	windows.orphan_kernel_threads.Threads	pass1	2	16.7073	16.9238	16.7012	130	0	2.6774	2.7906	34.1656	2242	0	2.1958	2.2733	32.9844	2306	0	0.0666	0.0675	1.1461	218	0	0.0516	0.0537	1.0918	202	0	0.0076	0.008	0.0274	96	0	yes	1	1	1	40.201	42.554	288.921	323.8	0.1378	0.0794	0.0134	2.1928	0.0	0.0	0.0	9.09	
windows	windows.pe_symbols.PESymbols	pass1	2	0.3587	0.3589	0.3582	51	2	0.0031	0.0036	0.003	19	1	0.003	0.0034	0.0029	19	1	0.001	0.0012	0.0009	22	2	0.001	0.0012	0.0009	22	2	0.001	0.0011	0.0009	22	2	yes	1	1	1	3.100	3.000	3.000	358.7	0.0013	0.0013	0.0016	0.0033	0.0	0.0	0.0	9.09	needs arguments: usage error in every tool
windows	windows.poolscanner.PoolScanner	pass1	2	37.2946	37.6869	37.2666	155	0	3.2778	3.31	37.4624	2322	0	2.8688	2.8823	37.9412	2233	0	0.0735	0.0744	1.1918	360	0	0.0602	0.0607	1.1177	344	0	0.0167	0.0176	0.0816	267	0	yes	1	0	0	44.596	47.654	171.784	619.5	0.1552	0.0958	0.04	2.8334	0.0	0.0	0.0	9.09	
windows	windows.privileges.Privs	pass1	2	1.3291	1.343	1.3268	104	0	0.5655	0.5791	0.82	297	0	0.0998	0.1024	0.3216	161	0	0.0203	0.0207	0.0917	44	0	0.0056	0.0062	0.0199	23	0	0.0054	0.006	0.0171	23	0	yes	1	1	1	27.857	17.821	18.481	237.3	0.0684	0.0101	0.0097	0.0981	0.0	0.0	0.0	9.09	
windows	windows.pslist.PsList	pass1	2	1.1736	1.1949	1.1733	104	0	0.5585	0.5656	0.7983	291	0	0.0882	0.0897	0.329	152	0	0.0184	0.0189	0.0831	33	0	0.0026	0.0026	0.0025	22	0	0.0027	0.0029	0.0026	22	0	yes	1	1	1	30.353	33.923	32.667	451.4	0.0652	0.0042	0.0035	0.0817	0.0	0.0	0.0	9.09	
windows	windows.psscan.PsScan	pass1	2	14.8566	14.9665	14.8481	123	0	2.6679	2.7321	34.1395	2240	0	2.2271	2.26	33.0358	2270	0	0.0637	0.0665	1.1683	209	0	0.0494	0.0516	1.0621	191	0	0.0058	0.0064	0.0248	85	0	yes	1	1	1	41.882	45.083	383.983	300.7	0.1374	0.0777	0.0114	2.215	0.0	0.0	0.0	9.09	
windows	windows.pstree.PsTree	pass1	2	1.4436	1.4485	1.4431	107	0	0.5605	0.5677	0.7981	339	0	0.0966	0.0997	0.3183	208	0	0.0211	0.0212	0.0995	80	0	0.0054	0.0059	0.0191	60	0	0.0057	0.0061	0.019	60	0	yes	1	1	1	26.564	17.889	16.947	267.3	0.069	0.01	0.0095	0.0948	0.0	0.0	0.0	9.09	
windows	windows.registry.amcache.Amcache	pass1	2	1.0354	1.0627	1.0349	102	0	0.5695	0.5742	0.8204	278	0	0.0862	0.0881	0.3297	160	0	0.0184	0.0189	0.08	30	0	0.0022	0.0027	0.0021	22	0	0.0019	0.0021	0.0018	22	0	yes	1	1	1	30.951	39.182	45.368	470.6	0.0645	0.0032	0.0027	0.0839	0.0	0.0	0.0	9.09	
windows	windows.registry.cachedump.Cachedump	pass1	2	1.9462	2.0562	1.9454	105	0	0.5634	0.5715	0.7802	300	0	0.097	0.0981	0.3448	165	0	0.0207	0.0217	0.0843	36	0	0.005	0.0052	0.0049	22	0	0.0047	0.0052	0.0046	22	0	yes	1	1	1	27.217	19.400	20.638	389.2	0.0644	0.0062	0.0056	0.0948	0.0	0.0	0.0	9.09	
windows	windows.registry.certificates.Certificates	pass1	2	4.2828	4.3854	4.2798	109	0	0.6374	0.657	0.8657	312	0	0.173	0.1754	0.4344	173	0	0.0194	0.0202	0.089	48	0	0.0047	0.0054	0.0158	28	0	0.0047	0.0056	0.0146	29	0	yes	1	1	1	32.856	36.809	36.809	911.2	0.0669	0.0092	0.0086	0.1699	0.0	0.0	0.0	9.09	
windows	windows.registry.getcellroutine.GetCellRoutine	pass1	2	1.3557	1.3847	1.3552	111	0	0.6946	0.7105	0.9222	289	0	0.2271	0.2306	0.4288	150	0	0.0198	0.0221	0.0784	36	0	0.005	0.005	0.0048	22	0	0.0048	0.0051	0.0047	22	0	yes	1	1	1	35.081	45.420	47.312	271.1	0.0663	0.0063	0.0062	0.23	0.0	0.0	0.0	9.09	
windows	windows.registry.hashdump.Hashdump	pass1	2	2.0736	2.0858	2.0716	105	0	0.572	0.5822	0.8279	298	1	0.0943	0.0974	0.3233	164	1	0.02	0.0214	0.0803	30	0	0.0049	0.0051	0.0048	22	0	0.0044	0.0053	0.0043	22	0	yes	1	0	0	28.600	19.245	21.432	423.2	0.065	0.0061	0.0062	0.0907	0.0	0.0	0.0	9.33	
windows	windows.registry.hivelist.HiveList	pass1	2	0.9823	1.0255	0.9815	103	0	0.5573	0.5658	0.7919	290	0	0.0833	0.0852	0.3259	151	0	0.0183	0.0191	0.0766	30	0	0.0021	0.0025	0.002	22	0	0.0022	0.0024	0.0021	22	0	yes	1	1	1	30.454	39.667	37.864	467.8	0.0632	0.0032	0.0035	0.0787	0.0	0.0	0.0	9.33	
windows	windows.registry.hivescan.HiveScan	pass1	2	3.2849	3.309	3.2821	102	0	0.5821	0.5983	0.8389	281	0	0.1157	0.1183	0.307	148	0	0.0181	0.0197	0.0779	29	0	0.0029	0.0032	0.0026	22	0	0.0026	0.0031	0.0024	22	0	yes	1	1	1	32.160	39.897	44.500	1132.7	0.0645	0.0037	0.0032	0.1105	0.0	0.0	0.0	9.33	
windows	windows.registry.lsadump.Lsadump	pass1	2	2.2112	2.228	2.2092	105	0	0.5736	0.577	0.8296	286	0	0.0937	0.0986	0.328	165	0	0.0209	0.021	0.0828	37	0	0.0047	0.005	0.0046	22	0	0.0048	0.0052	0.0047	22	0	yes	1	0	0	27.445	19.936	19.521	470.5	0.0652	0.0062	0.0057	0.0936	0.0	0.0	0.0	9.33	
windows	windows.registry.printkey.PrintKey	pass1	2	2.3771	2.4851	2.3725	108	0	0.5919	0.5942	0.7925	304	0	0.1201	0.1204	0.3368	165	0	0.0211	0.0225	0.0871	43	0	0.0066	0.0076	0.0123	23	0	0.007	0.0072	0.0126	23	0	yes	1	1	1	28.052	18.197	17.157	360.2	0.0661	0.0085	0.008	0.1169	0.0	0.0	0.0	9.33	
windows	windows.registry.scheduled_tasks.ScheduledTasks	pass1	2	6.1429	6.198	6.1387	109	0	0.6376	0.6481	0.8456	306	0	0.1641	0.1667	0.401	167	0	0.0199	0.0214	0.0882	43	0	0.0061	0.0064	0.013	24	0	0.0058	0.0068	0.0119	24	0	yes	1	1	1	32.040	26.902	28.293	1007.0	0.0661	0.0066	0.0062	0.1657	0.0	0.0	0.0	9.33	
windows	windows.registry.userassist.UserAssist	pass1	2	1.8529	1.9291	1.8512	104	0	0.5905	0.5941	0.7841	301	0	0.1108	0.1116	0.3476	165	0	0.0189	0.0212	0.0777	35	0	0.0037	0.0042	0.0036	22	0	0.0035	0.0036	0.0033	22	0	yes	1	1	1	31.243	29.946	31.657	500.8	0.0661	0.0049	0.004	0.1059	0.0	0.0	0.0	9.33	
windows	windows.scheduled_tasks.ScheduledTasks	pass1	2	6.2379	6.2544	6.2299	109	0	0.645	0.6479	0.8538	310	0	0.1642	0.1656	0.3746	169	0	0.0193	0.0213	0.0845	44	0	0.0062	0.0065	0.012	25	0	0.0062	0.0066	0.0127	24	0	yes	1	1	1	33.420	26.484	26.484	1006.1	0.0663	0.0067	0.0062	0.1642	0.0	0.0	0.0	9.33	
windows	windows.sessions.Sessions	pass1	2	1.2632	1.2859	1.2625	105	0	0.5635	0.5723	0.8162	339	0	0.0925	0.0992	0.3202	203	0	0.0196	0.0208	0.0945	82	0	0.0053	0.0055	0.0199	60	0	0.0053	0.006	0.0204	61	0	yes	1	1	1	28.750	17.453	17.453	238.3	0.0685	0.0098	0.0096	0.0944	0.0	0.0	0.0	9.33	
windows	windows.shimcachemem.ShimcacheMem	pass1	2	1.6316	1.6853	1.6308	108	0	0.5623	0.5683	0.822	296	0	0.0932	0.0967	0.3359	163	0	0.0208	0.0216	0.0861	37	0	0.0036	0.0043	0.0054	22	0	0.0035	0.004	0.0054	22	0	yes	1	1	1	27.034	25.889	26.629	453.2	0.0643	0.0053	0.0052	0.0923	0.0	0.0	0.0	9.33	
windows	windows.ssdt.SSDT	pass1	2	1.1702	1.2045	1.1697	103	0	0.5699	0.5725	0.7685	290	0	0.0974	0.101	0.3235	150	0	0.0199	0.021	0.0798	31	0	0.0053	0.0058	0.0051	22	0	0.0054	0.0058	0.0053	22	0	yes	1	1	1	28.638	18.377	18.037	220.8	0.0624	0.0063	0.0062	0.0949	0.0	0.0	0.0	9.33	
windows	windows.suspended_threads.SuspendedThreads	pass1	2	19.4442	19.6596	19.4348	204	0	0.5743	0.5895	0.7918	346	0	0.1031	0.1111	0.3296	210	0	0.0376	0.039	0.1899	222	0	0.0189	0.0207	0.1934	189	0	0.017	0.0171	0.1216	184	0	yes	1	1	1	15.274	5.455	6.065	1028.8	0.1072	0.0385	0.0425	0.1043	0.0	0.0	0.0	9.33	
windows	windows.symlinkscan.SymlinkScan	pass1	2	13.1329	13.2128	13.126	122	0	2.6339	2.6605	34.4824	2256	0	2.18	2.273	34.2626	2233	0	0.0649	0.0663	1.1264	167	0	0.0487	0.0519	1.0371	147	0	0.0041	0.0042	0.006	29	0	yes	1	1	1	40.584	44.764	531.707	269.7	0.1327	0.0762	0.0065	2.1632	0.0	0.0	0.0	9.33	
windows	windows.thrdscan.ThrdScan	pass1	2	34.6032	34.7963	34.5869	262	0	2.8277	2.9739	33.8506	2248	0	2.3472	2.4306	33.6838	2300	0	0.0689	0.0704	1.2038	288	0	0.0557	0.0568	1.0784	271	0	0.0102	0.0106	0.0641	168	0	yes	1	1	1	41.041	42.140	230.118	621.2	0.1447	0.0923	0.0254	2.3963	0.0	0.0	0.0	9.33	
windows	windows.threads.Threads	pass1	2	18.6732	18.9187	18.6636	244	0	0.7388	0.7454	0.989	384	0	0.2633	0.2665	0.5039	253	0	0.023	0.0238	0.1299	137	0	0.0097	0.0109	0.0605	116	0	0.0101	0.0107	0.0621	116	0	yes	1	1	1	32.122	27.144	26.069	1925.1	0.0776	0.0209	0.0207	0.2593	0.0	0.0	0.0	9.33	
windows	windows.timers.Timers	pass1	2	1.6315	1.777	1.6308	111	0	0.5635	0.5868	0.781	296	0	0.1003	0.1025	0.3332	158	0	0.0197	0.0213	0.0832	39	0	0.005	0.0053	0.0084	22	0	0.0047	0.0049	0.0078	22	0	yes	1	1	1	28.604	20.060	21.340	326.3	0.0651	0.0081	0.0077	0.0979	0.0	0.0	0.0	9.33	
windows	windows.truecrypt.Passphrase	pass1	2	0.7915	0.8463	0.7912	99	0	0.549	0.5678	0.7647	288	0	0.0851	0.087	0.3289	149	0	0.0178	0.0183	0.0834	28	0	0.002	0.0021	0.0018	22	0	0.0016	0.0022	0.0015	22	0	yes	1	1	1	30.843	42.550	53.187	395.8	0.0641	0.0032	0.0026	0.0805	0.0	0.0	0.0	9.33	
windows	windows.unloadedmodules.UnloadedModules	pass1	2	0.7757	0.7855	0.7744	99	0	0.5491	0.5586	0.8163	283	0	0.0825	0.0857	0.3332	146	0	0.0182	0.0189	0.0821	28	0	0.0018	0.002	0.0017	22	0	0.0019	0.002	0.0018	22	0	yes	1	1	1	30.170	45.833	43.421	430.9	0.0642	0.0024	0.0027	0.0825	0.0	0.0	0.0	9.33	
windows	windows.vadinfo.VadInfo	pass1	2	105.3957	105.6695	105.3283	559	0	0.9194	0.9391	1.1315	379	0	0.4563	0.4613	0.6717	243	0	0.0273	0.028	0.1647	127	0	0.0143	0.0145	0.1032	108	0	0.0135	0.014	0.1029	109	0	yes	1	1	1	33.678	31.909	33.800	7370.3	0.0887	0.0314	0.0334	0.4489	0.0	0.0	0.0	9.33	
windows	windows.vadwalk.VadWalk	pass1	2	19.8914	20.7633	19.8806	358	0	0.7912	0.8	1.0007	312	0	0.3164	0.3209	0.5759	180	0	0.0241	0.0249	0.1255	60	0	0.0106	0.0112	0.0552	40	0	0.0105	0.0105	0.0577	37	0	yes	1	1	1	32.830	29.849	30.133	1876.5	0.0786	0.0205	0.0209	0.3133	0.0	0.0	0.0	8.82	
windows	windows.verinfo.VerInfo	pass1	2	49.5907	49.8344	49.5687	284	0	0.7517	0.7799	1.0075	776	0	0.2822	0.2874	0.5092	671	0	0.0299	0.0311	0.247	496	0	0.0159	0.0165	0.1692	476	0	0.0156	0.0161	0.1647	475	0	yes	1	1	1	25.140	17.748	18.090	3118.9	0.1071	0.0486	0.0495	0.284	0.0	0.0	0.0	8.82	
windows	windows.virtmap.VirtMap	pass1	2	0.7203	0.7852	0.7191	99	0	0.5516	0.5638	0.7563	270	0	0.0825	0.0841	0.3014	144	0	0.0169	0.0189	0.0791	27	0	0.0017	0.0018	0.0015	22	0	0.0018	0.0019	0.0017	22	0	yes	1	1	1	32.639	48.529	45.833	423.7	0.0628	0.0025	0.002	0.0811	0.0	0.0	0.0	8.82	
windows	windows.windows.Windows	pass2	2	17.9507	17.9901	17.9404	146	0	2.7463	2.7609	34.3233	2238	0	2.2842	2.321	33.803	2233	0	0.0679	0.0711	1.1925	251	0	0.0529	0.0563	1.0887	226	0	0.0108	0.0116	0.0355	129	0	sorted =	1	0	0	40.446	43.180	211.500	339.3	0.1458	0.0844	0.0216	2.301	0.0	0.0	0.0	8.82	python's row order is nondeterministic (set iteration: its 3 runs in pass 2 printed 3 orders); sorted outputs identical
windows	windows.windowstations.WindowStations	pass1	2	17.1376	17.1989	17.1274	131	0	2.6729	2.8694	32.9781	2242	0	2.3217	2.3918	34.559	2208	0	0.0636	0.0657	1.1699	238	0	0.0508	0.0526	1.1067	215	0	0.0085	0.0087	0.0335	116	0	yes	1	0	0	42.027	45.703	273.141	337.4	0.1407	0.081	0.0173	2.2963	0.0	0.0	0.0	8.82	
windows	windows.statistics.Statistics	pass1	1	1686.7641	1686.7641	1686.4512	111	0	71.6758	72.2254	71.9866	294	0	70.0603	70.3173	70.4484	195	0	0.0263	0.0277	0.1435	113	0	0.0127	0.0144	0.0709	90	0	0.0131	0.0134	0.0727	89	0	yes	1	1	1	2725.316	5516.559	5348.115	132816.1	0.0844	0.0256	0.0255	70.8004	0.0	0.0	0.0	8.82	python's page walk is quadratic (re-walks every valid run per step); fastvol walks each page once
windows	timeliner.Timeliner	pass1	1	1468.6958	1468.6958	1468.2528	3551	0	19.3068	19.5233	188.0295	7955	0	18.6464	19.3671	184.3767	7883	0	1.1025	1.1149	14.648	716	0	1.0543	1.0789	12.8916	763	0	0.7267	0.7329	4.3744	1903	0	= ref machine	1	0	0	17.512	17.686	25.659	1393.1	1.5972	1.3114	0.9141	18.6747	0.0	0.0	0.0	8.82	python's output depends on plugin discovery (readdir) order, see Checks; fastvol's output is byte-identical to python's on the reference machine
linux	banners.Banners	pass1	1	21.5624	21.5624	21.5507	416	0	0.3976	0.3995	6.9229	3193	0	0.3946	0.3983	6.6924	3193	0	0.1094	0.1105	3.2765	20	0	0.1099	0.1102	3.2778	20	0	0.0018	0.0019	0.0016	20	0	yes	1	1	1	3.634	3.591	219.222	196.2	0.1163	0.1142	0.0025	0.3971	0.0	0.0	0.0	5.36	
linux	linux.bash.Bash	pass1	1	10.2135	10.2135	10.2055	659	0	2.2143	2.2737	9.6466	2823	0	0.2094	0.2114	0.2216	198	0	0.0931	0.1028	0.5372	119	0	0.0079	0.0088	0.0169	22	0	0.0075	0.0079	0.0153	23	0	yes	1	1	1	23.784	26.506	27.920	1292.8	0.5301	0.0102	0.0099	0.2178	0.0	0.0	0.0	5.36	
linux	linux.boottime.Boottime	pass1	1	7.9962	7.9962	7.9909	659	0	2.0872	2.2092	9.5921	2794	0	0.132	0.1548	0.1316	186	0	0.0907	0.098	0.5237	111	0	0.0023	0.0028	0.0021	20	0	0.0027	0.0028	0.0025	20	0	yes	1	1	1	23.012	57.391	48.889	3476.6	0.5285	0.0035	0.0032	0.1249	0.0	0.0	0.0	5.36	
linux	linux.capabilities.Capabilities	pass1	1	8.206	8.206	8.1995	659	0	2.0662	2.1084	9.4204	2799	0	0.1303	0.1322	0.1298	189	0	0.0894	0.1009	0.5664	112	0	0.0037	0.0043	0.0062	20	0	0.0037	0.0042	0.0059	20	0	yes	1	1	1	23.112	35.216	35.216	2217.8	0.5371	0.0073	0.0065	0.1295	0.0	0.0	0.0	5.36	
linux	linux.check_afinfo.Check_afinfo	pass1	1	20.1903	20.1903	20.1754	931	0	2.2623	2.2815	9.6806	2789	0	0.3221	0.3588	0.3217	192	0	0.0889	0.1001	0.526	108	0	0.0042	0.0047	0.004	20	0	0.0041	0.0043	0.004	20	0	yes	1	1	1	25.448	76.690	78.561	4807.2	0.5353	0.0054	0.005	0.3509	0.0	0.0	0.0	5.36	
linux	linux.check_creds.Check_creds	pass1	1	9.7264	9.7264	9.7187	659	0	2.0947	2.2017	9.6267	2797	0	0.1293	0.139	0.129	185	0	0.0917	0.1044	0.5523	111	0	0.0026	0.0028	0.0024	20	0	0.0022	0.0026	0.0021	20	0	yes	1	1	1	22.843	49.731	58.773	3740.9	0.5367	0.0037	0.0031	0.1335	0.0	0.0	0.0	5.36	
linux	linux.check_idt.Check_idt	pass1	1	28.2515	28.2515	28.2347	951	0	2.3149	2.4313	9.6875	2792	0	0.313	0.3749	0.3125	192	0	0.0924	0.1027	0.5414	124	0	0.0075	0.0078	0.0209	35	0	0.0073	0.0077	0.0187	36	0	yes	1	1	1	25.053	41.733	42.877	3766.9	0.5362	0.0129	0.0123	0.3321	0.0	0.0	0.0	5.09	
linux	linux.check_modules.Check_modules	pass1	1	9.3452	9.3452	9.338	659	0	2.0792	2.1861	9.5197	2801	0	0.1261	0.1292	0.1257	187	0	0.0947	0.1006	0.5621	108	0	0.0026	0.0027	0.0024	20	0	0.0025	0.0028	0.0024	20	0	yes	1	1	1	21.956	48.500	50.440	3594.3	0.5413	0.0035	0.0032	0.1254	0.0	0.0	0.0	5.09	
linux	linux.check_syscall.Check_syscall	pass1	1	22.0135	22.0135	22.0008	1042	0	2.4307	2.5431	9.8457	2792	0	0.4943	0.5104	0.4939	196	0	0.099	0.1081	0.5434	108	0	0.0098	0.0104	0.0096	21	0	0.0095	0.0101	0.0094	21	0	yes	1	1	1	24.553	50.439	52.032	2246.3	0.5293	0.0091	0.0099	0.5028	0.0	0.0	0.0	5.09	
linux	linux.ebpf.EBPF	pass1	1	8.7064	8.7064	8.7012	659	0	2.0423	2.1989	9.2538	2797	0	0.1366	0.1487	0.1362	181	0	0.089	0.1026	0.5277	108	0	0.002	0.0022	0.0019	20	0	0.0019	0.0024	0.0017	20	0	yes	1	1	1	22.947	68.300	71.895	4353.2	0.5331	0.0028	0.0024	0.1228	0.0	0.0	0.0	5.09	
linux	linux.elfs.Elfs	pass1	1	13.5704	13.5704	13.5565	659	0	2.2773	2.3848	9.5301	2870	0	0.2785	0.2814	0.278	314	0	0.0938	0.0994	0.5693	235	0	0.0072	0.0078	0.0378	137	0	0.0073	0.0078	0.0399	137	0	yes	1	1	1	24.278	38.681	38.151	1884.8	0.5431	0.0183	0.0173	0.282	0.0	0.0	0.0	5.09	
linux	linux.envars.Envars	pass1	1	8.1102	8.1102	8.106	659	0	2.0821	2.1908	9.4064	2806	0	0.1351	0.1596	0.1346	199	0	0.0896	0.0994	0.5729	120	0	0.0054	0.0056	0.0116	22	0	0.0052	0.0055	0.0117	22	0	yes	1	1	1	23.238	25.019	25.981	1501.9	0.5455	0.0075	0.0078	0.1446	0.0	0.0	0.0	5.09	
linux	linux.graphics.fbdev.Fbdev	pass2	1	6.1239	6.1239	6.1191	659	0	2.108	2.1423	9.4312	2787	0	0.1233	0.1282	0.1229	179	0	0.0861	0.1013	0.5221	109	0	0.0015	0.0018	0.0013	20	0	0.0014	0.0016	0.0013	20	0	yes	1	1	1	24.483	82.200	88.071	4082.6	0.5309	0.0023	0.0018		0.0	0.0	0.0	5.09	
linux	linux.hidden_modules.Hidden_modules	pass1	1	17.421	17.421	17.4097	659	0	2.5134	2.6457	9.8935	2795	0	0.5887	0.6136	0.5875	197	0	0.0866	0.0961	0.5368	122	0	0.005	0.0051	0.0151	23	0	0.0046	0.0049	0.0153	23	0	yes	1	1	1	29.023	117.740	127.978	3484.2	0.557	0.0084	0.0079	0.5935	0.0	0.0	0.0	5.09	
linux	linux.iomem.IOMem	pass1	1	9.1429	9.1429	9.1355	659	0	2.0738	2.1947	9.5467	2793	0	0.1233	0.1396	0.1229	180	0	0.0927	0.1012	0.5554	107	0	0.002	0.0021	0.0018	20	0	0.0016	0.002	0.0015	20	0	yes	1	1	1	22.371	61.650	77.062	4571.4	0.5367	0.0025	0.0029	0.1297	0.0	0.0	0.0	5.80	
linux	linux.ip.Addr	pass2	1	10.6162	10.6162	10.6078	659	0	2.0581	2.0821	9.5534	2801	0	0.1249	0.1274	0.1247	181	0	0.0909	0.1034	0.5325	108	0	0.0021	0.0023	0.0019	20	0	0.0019	0.0022	0.0018	20	0	yes	1	0	0	22.641	59.476	65.737	5055.3	0.5533	0.0031	0.0033		0.0	0.0	0.0	5.80	
linux	linux.ip.Link	pass2	1	9.2138	9.2138	9.2067	658	0	2.0556	2.1418	9.3699	2784	0	0.1252	0.1363	0.1249	180	0	0.0945	0.1008	0.5422	108	0	0.0018	0.0022	0.0016	20	0	0.002	0.0022	0.0018	20	0	yes	1	0	0	21.752	69.556	62.600	5118.8	0.5576	0.0025	0.0024		0.0	0.0	0.0	5.80	
linux	linux.kallsyms.Kallsyms	pass1	1	105.3665	105.3665	105.2789	711	1	3.1704	3.3212	10.6523	2797	0	1.1703	1.231	1.169	300	0	0.1137	0.1165	0.7198	128	1	0.0441	0.0483	0.2345	34	1	0.0366	0.0403	0.2371	34	1	yes	1	0	0	27.884	26.537	31.975	2389.3	0.6104	0.1024	0.0999	1.216	0.0	0.0	0.0	5.80	python raises TypeError after 204,803 rows; fastvol reproduces output and exit code
linux	linux.keyboard_notifiers.Keyboard_notifiers	pass1	1	19.4953	19.4953	19.4834	659	0	2.2514	2.3458	9.6959	2838	0	0.3184	0.3191	0.3181	192	0	0.089	0.0974	0.567	125	0	0.0056	0.006	0.0172	27	0	0.0054	0.0058	0.0163	28	0	yes	1	0	0	25.297	56.857	58.963	3481.3	0.5557	0.0101	0.0094	0.3387	0.0	0.0	0.0	5.80	
linux	linux.kmsg.Kmsg	pass1	1	8.3357	8.3357	8.3299	660	0	2.0849	2.1437	9.0936	2783	0	0.1351	0.1402	0.1347	181	0	0.087	0.0992	0.5177	109	0	0.0027	0.003	0.0026	21	0	0.0027	0.0032	0.0025	21	0	yes	1	1	1	23.964	50.037	50.037	3087.3	0.5339	0.0043	0.0036	0.1351	0.0	0.0	0.0	5.80	
linux	linux.kthreads.Kthreads	pass1	1	27.1705	27.1705	27.1548	954	0	2.2574	2.3476	9.7013	2790	0	0.3285	0.3445	0.3281	198	0	0.0943	0.1066	0.5643	129	0	0.0099	0.0103	0.0213	42	0	0.0097	0.0109	0.0208	42	0	yes	1	1	1	23.938	33.182	33.866	2744.5	0.5456	0.034	0.033	0.316	0.0	0.0	0.0	5.66	
linux	linux.library_list.LibraryList	pass1	1	43.7686	43.7686	43.7463	1033	0	2.2092	2.3301	9.374	2916	0	0.2707	0.2944	0.2704	319	0	0.0929	0.0975	0.5754	241	0	0.008	0.0086	0.0482	141	0	0.0078	0.0083	0.0495	142	0	yes	1	1	1	23.780	33.837	34.705	5471.1	0.5392	0.0192	0.0185	0.277	0.0	0.0	0.0	5.66	
linux	linux.lsmod.Lsmod	pass1	1	15.8952	15.8952	15.8863	951	0	2.1116	2.2528	9.4153	2785	0	0.1293	0.1353	0.1288	184	0	0.0897	0.1036	0.5483	110	0	0.0028	0.003	0.0026	21	0	0.0024	0.0027	0.0023	21	0	yes	1	1	1	23.541	46.179	53.875	5676.9	0.5483	0.0039	0.0035	0.1315	0.0	0.0	0.0	5.66	
linux	linux.lsof.Lsof	pass2	1	24.8431	24.8431	24.8242	956	0	2.1413	2.2054	9.426	2811	0	0.1788	0.1868	0.1786	203	0	0.0923	0.1008	0.5504	126	0	0.0076	0.0081	0.0268	38	0	0.0078	0.0079	0.0278	38	0	yes	1	1	1	23.199	23.526	22.923	3268.8	0.541	0.0131	0.013		0.0	0.0	0.0	5.66	
linux	linux.malfind.Malfind	pass1	1	31.5906	31.5906	31.5738	960	0	2.3786	2.4557	9.7474	2814	0	0.4312	0.4381	0.4299	225	0	0.0935	0.1075	0.5607	147	0	0.0094	0.0098	0.0391	58	0	0.0092	0.0101	0.0386	59	0	yes	1	0	0	25.440	45.872	46.870	3360.7	0.5386	0.0149	0.0145	0.4156	0.0	0.0	0.0	5.66	
linux	linux.malware.check_afinfo.Check_afinfo	pass1	1	17.3134	17.3134	17.3028	931	0	2.2602	2.4843	9.6528	2799	0	0.3131	0.3148	0.3128	192	0	0.0911	0.1021	0.5371	108	0	0.0042	0.0044	0.0041	21	0	0.004	0.0044	0.0038	21	0	yes	1	1	1	24.810	74.548	78.275	4122.2	0.5464	0.005	0.0051	0.3386	0.0	0.0	0.0	5.66	
linux	linux.malware.check_creds.Check_creds	pass1	1	9.1668	9.1668	9.1605	659	0	2.0329	2.1978	9.4381	2790	0	0.1309	0.1532	0.1306	186	0	0.0943	0.0996	0.5377	108	0	0.0027	0.0028	0.0025	21	0	0.0025	0.0028	0.0024	21	0	yes	1	1	1	21.558	48.481	52.360	3395.1	0.5329	0.0034	0.0036	0.1259	0.0	0.0	0.0	5.66	
linux	linux.malware.check_idt.Check_idt	pass1	1	30.0913	30.0913	30.0746	950	0	2.3125	2.4139	9.7884	2829	0	0.3129	0.3544	0.3125	192	0	0.0891	0.1051	0.53	124	0	0.0076	0.0087	0.0181	36	0	0.0075	0.008	0.0187	36	0	yes	1	1	1	25.954	41.171	41.720	3959.4	0.5364	0.0127	0.0127	0.3113	0.0	0.0	0.0	6.17	
linux	linux.malware.check_modules.Check_modules	pass1	1	7.8944	7.8944	7.8885	659	0	2.1869	2.2388	9.4848	2792	0	0.1264	0.1307	0.1259	187	0	0.0855	0.1042	0.5229	111	0	0.0027	0.0029	0.0026	21	0	0.0024	0.0026	0.0022	21	0	yes	1	1	1	25.578	46.815	52.667	2923.9	0.5345	0.0038	0.0041	0.1251	0.0	0.0	0.0	6.17	
linux	linux.malware.check_syscall.Check_syscall	pass1	1	29.1358	29.1358	29.1171	1042	0	2.532	2.6079	9.9573	2800	0	0.5123	0.547	0.5118	196	0	0.1003	0.1071	0.5484	108	0	0.0095	0.0101	0.0094	21	0	0.0094	0.0096	0.0093	21	0	yes	1	1	1	25.244	53.926	54.500	3066.9	0.5484	0.0097	0.0098	0.4943	0.0	0.0	0.0	6.17	
linux	linux.malware.hidden_modules.Hidden_modules	pass1	1	18.2848	18.2848	18.2737	659	0	2.495	2.5838	9.7955	2795	0	0.5846	0.6064	0.584	197	0	0.0939	0.1001	0.5419	122	0	0.0049	0.0052	0.0159	23	0	0.0047	0.0051	0.0143	24	0	yes	1	1	1	26.571	119.306	124.383	3731.6	0.5463	0.0086	0.0085	0.6069	0.0	0.0	0.0	6.17	
linux	linux.malware.keyboard_notifiers.Keyboard_notifiers	pass1	1	19.1924	19.1924	19.181	660	0	2.2725	2.4102	9.6356	2785	0	0.3146	0.3412	0.3143	192	0	0.0903	0.1011	0.5405	124	0	0.0057	0.0059	0.0183	27	0	0.0052	0.0057	0.0167	27	0	yes	1	0	0	25.166	55.193	60.500	3367.1	0.559	0.0102	0.0098	0.3366	0.0	0.0	0.0	6.17	
linux	linux.malware.malfind.Malfind	pass1	1	34.6261	34.6261	34.6045	960	0	2.5043	2.5707	9.9365	2796	0	0.4164	0.4177	0.4158	225	0	0.0923	0.1006	0.5731	147	0	0.0095	0.01	0.0387	59	0	0.0097	0.0097	0.0432	59	0	yes	1	0	0	27.132	43.832	42.928	3644.9	0.5436	0.0147	0.0141	0.4161	0.0	0.0	0.0	6.17	
linux	linux.malware.modxview.Modxview	pass1	1	19.5707	19.5707	19.5569	659	0	2.497	2.5874	9.9054	2798	0	0.5677	0.5952	0.5672	201	0	0.0914	0.1008	0.5268	124	0	0.006	0.0062	0.0174	26	0	0.0056	0.0058	0.0173	27	0	yes	1	1	1	27.319	94.617	101.375	3261.8	0.5337	0.0101	0.0094	0.5762	0.0	0.0	0.0	6.17	
linux	linux.malware.netfilter.Netfilter	pass1	1	37.2285	37.2285	37.2084	952	0	2.2308	2.2912	9.7236	2811	0	0.3105	0.3122	0.3101	193	0	0.0963	0.1058	0.5623	125	0	0.008	0.0083	0.019	36	0	0.0072	0.0076	0.0181	37	0	yes	1	0	0	23.165	38.812	43.125	4653.6	0.532	0.0142	0.013	0.3156	0.0	0.0	0.0	6.17	
linux	linux.malware.process_spoofing.ProcessSpoofing	pass1	1	10.485	10.485	10.4782	659	0	2.0839	2.1427	9.4697	2810	0	0.1358	0.1432	0.1354	205	0	0.0904	0.1005	0.5438	126	0	0.0056	0.0058	0.0137	30	0	0.005	0.0054	0.0124	30	0	yes	1	1	1	23.052	24.250	27.160	1872.3	0.5294	0.0079	0.0082	0.131	0.0	0.0	0.0	6.15	
linux	linux.malware.tty_check.Tty_Check	pass1	1	27.7033	27.7033	27.6872	951	0	2.265	2.3465	9.672	2797	0	0.3111	0.3277	0.3107	193	0	0.0941	0.1005	0.5589	126	0	0.0075	0.008	0.0182	37	0	0.0078	0.0082	0.0196	36	0	yes	1	1	1	24.070	41.480	39.885	3693.8	0.5373	0.0138	0.0127	0.3179	0.0	0.0	0.0	6.15	
linux	linux.modxview.Modxview	pass1	1	17.7752	17.7752	17.7664	660	0	2.481	2.6448	9.7779	2809	0	0.5799	0.5925	0.5794	201	0	0.0847	0.1045	0.5575	125	0	0.0054	0.0056	0.0169	26	0	0.0053	0.0057	0.0161	27	0	yes	1	1	1	29.292	107.389	109.415	3291.7	0.5402	0.0101	0.0101	0.5687	0.0	0.0	0.0	6.15	
linux	linux.mountinfo.MountInfo	pass2	1	11.8899	11.8899	11.879	659	0	2.0566	2.1164	9.3643	2802	0	0.1511	0.1621	0.1508	192	0	0.0959	0.0998	0.6214	118	0	0.006	0.006	0.0167	22	0	0.006	0.0061	0.0181	22	0	yes	1	1	1	21.445	25.183	25.183	1981.7	0.5436	0.0122	0.0119		0.0	0.0	0.0	6.15	
linux	linux.netfilter.Netfilter	pass1	1	39.7382	39.7382	39.7195	953	0	2.2812	2.415	9.7248	2788	0	0.3225	0.3427	0.3222	193	0	0.0899	0.1013	0.5579	125	0	0.0076	0.0079	0.0189	36	0	0.0078	0.0082	0.0191	36	0	yes	1	0	0	25.375	42.434	41.346	5228.7	0.5453	0.0134	0.0133	0.3087	0.0	0.0	0.0	6.15	
linux	linux.pagecache.Files	pass2	1	58.4005	58.4005	58.353	680	0	2.9543	3.0819	10.3557	2810	0	1.0146	1.0256	1.0132	265	0	0.1175	0.1227	0.8115	165	0	0.0327	0.0355	0.2607	74	0	0.0378	0.0427	0.2226	75	0	yes	1	1	1	25.143	31.028	26.841	1785.9	0.5805	0.0796	0.08		0.0	0.0	0.0	6.15	
linux	linux.pagecache.InodePages	pass2	1	7.6245	7.6245	7.6175	660	0	2.1326	2.186	9.4078	2797	0	0.1245	0.1493	0.124	179	0	0.0875	0.1054	0.5299	108	0	0.0018	0.0018	0.0016	21	0	0.0014	0.0019	0.0013	21	0	yes	1	1	1	24.373	69.167	88.929	4235.8	0.5316	0.0023	0.0024		0.0	0.0	0.0	5.82	needs --inode or --find: every tool prints the empty table and the error, exit 0
linux	linux.pidhashtable.PIDHashTable	pass1	1	10.5348	10.5348	10.5265	659	0	2.0604	2.2256	9.3488	2792	0	0.1364	0.1389	0.136	188	0	0.0864	0.1	0.533	115	0	0.0051	0.0057	0.0138	21	0	0.0046	0.0051	0.0132	21	0	yes	1	1	1	23.847	26.745	29.652	2065.6	0.5321	0.0089	0.0084	0.1405	0.0	0.0	0.0	5.82	
linux	linux.proc.Maps	pass1	1	41.6954	41.6954	41.6758	1207	0	2.397	2.4493	9.7876	2810	0	0.4494	0.4663	0.449	213	0	0.0946	0.1054	0.5864	138	0	0.0096	0.0102	0.0435	51	0	0.0095	0.0102	0.0451	51	0	yes	1	1	1	25.338	46.813	47.305	4343.3	0.5517	0.0173	0.0163	0.4486	0.0	0.0	0.0	5.82	
linux	linux.psaux.PsAux	pass1	1	8.8955	8.8955	8.89	659	0	2.0823	2.1872	9.3047	2809	0	0.132	0.1543	0.1317	199	0	0.0858	0.098	0.5256	120	0	0.0051	0.0054	0.0098	22	0	0.0051	0.0059	0.011	23	0	yes	1	1	1	24.269	25.882	25.882	1744.2	0.5478	0.0075	0.0075	0.138	0.0	0.0	0.0	5.82	
linux	linux.pslist.PsList	pass1	1	10.5874	10.5874	10.5793	659	0	2.0819	2.1929	9.3632	2786	0	0.1315	0.1475	0.1312	189	0	0.0897	0.1012	0.5467	113	0	0.0033	0.0035	0.0032	21	0	0.0027	0.0028	0.0026	21	0	yes	1	1	1	23.210	39.848	48.704	3208.3	0.5522	0.0044	0.004	0.1323	0.0	0.0	0.0	5.82	
linux	linux.psscan.PsScan	pass1	1	58.6333	58.6333	58.6013	659	0	2.3858	2.5083	12.8897	3807	0	0.4862	0.491	3.6745	3282	0	0.2133	0.2193	3.886	123	0	0.1219	0.1238	3.3048	42	0	0.0147	0.0153	0.0313	40	0	yes	1	1	1	11.185	3.989	33.075	481.0	0.643	0.1451	0.0351	0.4777	0.0	0.0	0.0	5.82	
linux	linux.pstree.PsTree	pass1	1	8.8936	8.8936	8.8887	659	0	2.0986	2.2184	9.4376	2796	0	0.1306	0.1531	0.1302	186	0	0.0896	0.1022	0.5492	114	0	0.003	0.0038	0.0028	21	0	0.0036	0.0038	0.0035	21	0	yes	1	1	1	23.422	43.533	36.278	2964.5	0.536	0.0048	0.0042	0.126	0.0	0.0	0.0	8.16	
linux	linux.ptrace.Ptrace	pass1	1	8.538	8.538	8.5323	659	0	2.1026	2.1168	9.5126	2790	0	0.1382	0.1431	0.1379	187	0	0.0894	0.1011	0.5377	111	0	0.003	0.0038	0.0031	21	0	0.0031	0.0036	0.0031	21	0	yes	1	0	0	23.519	46.067	44.581	2846.0	0.5325	0.0065	0.0062	0.1314	0.0	0.0	0.0	8.16	
linux	linux.sockscan.Sockscan	pass2	1	27.155	27.155	27.1344	660	0	2.2162	2.4435	12.6588	3839	0	0.425	0.4313	3.6264	3300	0	0.2035	0.2093	3.9116	138	0	0.1158	0.1192	3.0929	42	0	0.007	0.0072	0.0079	41	0	yes	1	1	1	10.890	3.670	60.714	234.5	0.6305	0.1171	0.01		0.0	0.0	0.0	8.16	
linux	linux.sockstat.Sockstat	pass2	1	19.3426	19.3426	19.3313	957	0	2.0876	2.2349	9.5453	2816	0	0.1826	0.1955	0.1822	207	0	0.0929	0.1041	0.5756	130	0	0.0077	0.008	0.0309	42	0	0.0078	0.008	0.0298	41	0	yes	1	1	1	22.471	23.714	23.410	2512.0	0.5561	0.0132	0.0135		0.0	0.0	0.0	8.16	
linux	linux.tracing.ftrace.CheckFtrace	pass1	1	25.8929	25.8929	25.8802	950	0	2.2624	2.3603	9.8096	2791	0	0.3146	0.3499	0.3142	193	0	0.0939	0.0987	0.5887	124	0	0.0076	0.0078	0.0194	36	0	0.0073	0.0076	0.0193	36	0	yes	1	1	1	24.094	41.395	43.096	3407.0	0.538	0.0131	0.0123	0.3118	0.0	0.0	0.0	8.16	
linux	linux.tracing.perf_events.PerfEvents	pass1	1	8.2172	8.2172	8.2109	659	0	2.1778	2.1902	9.6224	2785	0	0.13	0.1391	0.1298	186	0	0.09	0.0985	0.5427	111	0	0.0029	0.0031	0.0027	21	0	0.0027	0.0033	0.0026	21	0	yes	1	0	0	24.198	44.828	48.148	2833.5	0.5526	0.0043	0.0038	0.1296	0.0	0.0	0.0	8.16	
linux	linux.tracing.tracepoints.CheckTracepoints	pass1	1	25.1445	25.1445	25.1295	952	0	2.2738	2.3422	9.6665	2809	0	0.3317	0.3681	0.3313	193	0	0.0916	0.1043	0.5888	124	0	0.0071	0.0078	0.0179	36	0	0.007	0.0075	0.0179	36	0	yes	1	0	0	24.823	46.718	47.386	3541.5	0.532	0.0133	0.0119	0.3154	0.0	0.0	0.0	10.63	
linux	linux.tty_check.tty_check	pass1	1	24.3552	24.3552	24.344	951	0	2.2329	2.3978	9.5528	2800	0	0.3137	0.3175	0.3132	193	0	0.0942	0.1001	0.5402	124	0	0.0077	0.0084	0.0191	37	0	0.0078	0.0083	0.0199	36	0	yes	1	1	1	23.704	40.740	40.218	3163.0	0.5383	0.0134	0.0139	0.3192	0.0	0.0	0.0	10.63	
linux	linux.vmcoreinfo.VMCoreInfo	pass1	1	9.2337	9.2337	9.225	3383	0	3.0467	3.0982	32.6555	5046	0	1.2069	1.2147	24.4435	4984	0	0.2	0.2111	3.9566	110	0	0.1137	0.1188	3.4052	21	0	0.002	0.002	0.0019	21	0	yes	1	1	1	15.233	10.615	603.450	81.2	0.6377	0.1216	0.1208	1.1924	0.0	0.0	0.0	10.63	warm: the VMCOREINFO magic scan is answered by the scan cache (new since pass 2); steady scans the image
linux	linux.pagecache.RecoverFs	pass2	1	710.9873	710.9873	710.7535	4415	0	86.7087	87.6688	93.9595	7355	0	85.8639	86.2271	85.8304	6373	0	2.3422	2.3556	23.2518	2947	0	2.2818	2.3093	23.3167	2868	0	2.3268	2.3516	22.6797	2867	0	yes	1	0	0	37.020	37.630	36.902	311.6	3.8848	3.4313	3.4759		842.3	904.6	626.4	10.63	writes a .tar.gz of the recovered file system per run (fastvol 905 MB, python 842 MB, vol-rs 626 MB; see Checks); python: 1 run, no warm-up
linux	linux.pscallstack.PsCallStack	pass1	1	650.8088	650.8088	650.5665	665	0	2.5088	2.6476	9.9983	2789	0	0.5346	0.5506	0.5341	203	0	0.0962	0.101	0.5857	130	0	0.0097	0.0101	0.0661	33	0	0.0095	0.0098	0.0646	33	0	yes	1	1	1	26.079	55.113	56.274	67093.7	0.5493	0.0174	0.0186	0.5329	0.0	0.0	0.0	10.49	
linux	timeliner.Timeliner	pass1	1	262.114	262.114	261.9446	4602	0	3.1345	3.1686	13.6001	3847	0	1.2447	1.3079	4.2333	3285	0	0.359	0.3688	4.3272	203	0	0.2034	0.2102	3.5639	116	0	0.0884	0.094	0.5141	144	0	= ref machine	1	0	0	8.731	6.119	14.080	1288.7	0.6815	0.2096	0.1281	1.2327	0.0	0.0	0.0	10.49	python's output depends on plugin discovery (readdir) order, see Checks; fastvol's output is byte-identical to python's on the reference machine
