os	plugin	py_wall	py_cpu	py_runs	py_rc	py_rss_mb	volrs_wall	volrs_med	volrs_cpu	volrs_rc	volrs_rss_mb	rs_wall	rs_med	rs_cpu	rs_rc	rs_rss_mb	rs_eq_py	volrs_eq_py	speedup_vs_volrs	speedup_vs_py	rs_123c8d4_wall	rs_123c8d4_eq_py	volrs_pass1_wall	volrs_native_wall	py_files_mb	load1_at_start	note
windows	banners.Banners	29.226	29.212	2	0	74	0.6223	0.6241	11.1883	0	5176	0.1824	0.1836	5.4749	0	17	1	1	3.412	160.2	0.1857	1	0.6242	0.6257	0.0	1.07	
windows	frameworkinfo.FrameworkInfo	0.375	0.375	2	0	54	0.0042	0.0052	0.004	0	17	0.0017	0.002	0.0016	0	17	0	0	2.471	220.6	0.0022	0	0.0044	0.0043	0.0	2.18	python lists components in the readdir order of its install dir (ext4 here, btrfs where rsvol's references were made); rsvol also leaves out the 10 linux plugins it does not implement
windows	isfinfo.IsfInfo	0.385	0.385	2	0	54	0.0034	0.004	0.0033	0	17	0.0024	0.0025	0.0023	0	17	1	0	1.417	160.4	0.0032	1	0.0037	0.0034	0.0	2.18	
windows	vmscan.Vmscan	1.878	1.877	2	0	74	0.0047	0.005	0.0045	0	17	0.3067	0.3117	9.1414	0	115	1	1	0.015	6.1	0.3141	1	0.0045	0.0047	0.0	2.18	vol-rs ships no VMCS ISFs and returns the empty table without reading the image; python and rsvol scan the whole 5 GiB image
windows	windows.amcache.Amcache	1.039	1.039	2	0	102	0.0846	0.0902	0.3208	0	160	0.0031	0.0033	0.003	0	17	1	1	27.290	335.2	0.0039	1	0.0852	0.0813	0.0	4.57	
windows	windows.bigpools.BigPools	4.488	4.486	2	0	105	0.1423	0.1437	0.3884	0	146	0.0104	0.0106	0.0102	0	18	1	1	13.683	431.5	0.0112	1	0.1405	0.1378	0.0	4.57	
windows	windows.cachedump.Cachedump	2.092	2.09	2	0	104	0.0929	0.0946	0.3068	0	165	0.0061	0.0063	0.006	0	18	1	1	15.230	343.0	0.007	1	0.0971	0.0925	0.0	4.57	
windows	windows.callbacks.Callbacks	19.438	19.431	2	0	127	2.5052	2.6338	36.9123	0	2210	0.0776	0.079	1.0687	0	160	1	1	32.284	250.5	0.0839	1	2.4803	2.4785	0.0	4.57	
windows	windows.cmdline.CmdLine	1.226	1.224	2	0	103	0.0895	0.0909	0.3039	0	203	0.0093	0.0095	0.0212	0	58	1	1	9.624	131.8	0.0107	1	0.0941	0.088	0.0	7.01	
windows	windows.cmdscan.CmdScan	5.826	5.822	2	0	108	0.3565	0.3571	0.6197	0	211	0.0216	0.0225	0.1261	0	95	1	0	16.505	269.7	0.0257	1	0.3598	0.358	0.0	7.01	
windows	windows.consoles.Consoles	7.572	7.569	2	0	108	0.3561	0.3571	0.5736	0	206	0.018	0.0184	0.0642	0	62	1	0	19.783	420.7	0.0204	1	0.3565	0.3527	0.0	6.61	
windows	windows.crashinfo.Crashinfo	0.432	0.431	2	1	58	0.0788	0.0813	0.2863	1	149	0.0021	0.0022	0.002	1	18	1	1	37.524	205.7	0.0028	1	0.0768	0.0811	0.0	6.61	not a crash dump: every tool exits 1
windows	windows.debugregisters.DebugRegisters	19.116	19.104	2	0	192	0.0957	0.0963	0.3464	0	180	0.0241	0.0243	0.1068	0	166	1	1	3.971	793.2	0.0291	1	0.0927	0.0921	0.0	6.61	
windows	windows.deskscan.DeskScan	13.768	13.763	2	0	127	2.2338	2.2685	34.3129	0	2213	0.0769	0.0788	1.0677	0	186	1	1	29.048	179.0	0.0827	1	2.1522	2.1151	0.0	6.16	
windows	windows.desktops.Desktops	17.245	17.236	2	0	132	2.2374	2.3975	32.9061	0	2288	0.0812	0.0838	1.0787	0	248	1	1	27.554	212.4	0.0955	1	2.2247	2.2099	0.0	6.86	
windows	windows.devicetree.DeviceTree	13.841	13.835	2	0	121	2.1727	2.2095	33.0889	0	2239	0.0773	0.0781	1.0797	0	187	1	1	28.107	179.1	0.0803	1	2.1526	2.194	0.0	8.37	
windows	windows.dlllist.DllList	8.459	8.455	2	0	206	0.2302	0.2323	0.445	0	399	0.0275	0.0281	0.1155	0	250	1	0	8.371	307.6	0.0291	1	0.2217	0.2236	0.0	8.90	
windows	windows.driverirp.DriverIrp	14.822	14.816	2	0	130	2.2432	2.2559	34.2399	0	2315	0.0793	0.0803	1.0858	0	185	1	1	28.288	186.9	0.0828	1	2.2576	2.1191	0.0	8.27	
windows	windows.drivermodule.DriverModule	13.73	13.724	2	0	126	2.1889	2.245	33.1387	0	2260	0.0773	0.078	1.0736	0	182	1	1	28.317	177.6	0.0801	1	2.1987	2.1611	0.0	8.33	
windows	windows.driverscan.DriverScan	14.095	14.089	2	0	122	2.1641	2.2247	32.624	0	2279	0.0768	0.0796	1.0611	0	181	1	1	28.178	183.5	0.0789	1	2.1663	2.1098	0.0	10.65	
windows	windows.dumpfiles.DumpFiles	144.371	144.241	2	0	182	7.5956	7.633	7.8781	0	7992	0.2441	0.2475	1.3263	0	1784	1	0	31.117	591.4	0.2432	1	7.4984	7.5443	1481.6	12.31	writes 1.48 GB of files per run (vol-rs: 4.5 GB, different set)
windows	windows.envars.Envars	1.896	1.893	2	0	106	0.1004	0.104	0.3528	0	207	0.0119	0.0125	0.0298	0	63	1	1	8.437	159.3	0.0136	1	0.1025	0.0992	0.0	6.07	
windows	windows.etwpatch.EtwPatch	17.508	17.497	2	0	196	0.2203	0.2215	0.4431	0	435	0.0444	0.0468	0.2113	0	197	1	1	4.962	394.3	0.0463	1	0.2264	0.219	0.0	7.98	
windows	windows.filescan.FileScan	24.586	24.574	2	0	148	2.3736	2.4518	34.1909	0	2195	0.0889	0.0898	1.0994	0	282	1	0	26.700	276.6	0.0925	1	2.3312	2.3478	0.0	7.98	
windows	windows.getservicesids.GetServiceSIDs	2.557	2.554	2	0	108	0.1291	0.1316	0.3611	0	166	0.005	0.005	0.0048	0	19	1	1	25.820	511.4	0.0056	1	0.1284	0.1223	0.0	6.44	
windows	windows.getsids.GetSIDs	2.8	2.798	2	0	105	0.1215	0.1266	0.375	0	177	0.01	0.0102	0.033	0	30	1	0	12.150	280.0	0.0121	1	0.1237	0.1198	0.0	6.44	
windows	windows.handles.Handles	37.617	37.584	2	0	162	0.6562	0.6766	0.9043	0	386	0.0606	0.0617	0.3397	0	270	1	1	10.828	620.7	0.0644	1	0.6637	0.6599	0.0	6.44	
windows	windows.hashdump.Hashdump	1.891	1.891	2	0	105	0.0894	0.0908	0.319	1	162	0.006	0.0062	0.0059	0	24	1	0	14.900	315.2	0.0068	1	0.0942	0.0897	0.0	6.00	
windows	windows.iat.IAT	4.62	4.614	2	0	172	0.1682	0.1739	0.4044	0	354	0.0288	0.0291	0.1197	0	71	1	1	5.840	160.4	0.0293	1	0.167	0.1666	0.0	6.00	
windows	windows.info.Info	0.841	0.84	2	0	99	0.0813	0.0823	0.287	0	145	0.0027	0.0027	0.0025	0	24	1	0	30.111	311.5	0.0046	1	0.0845	0.0768	0.0	5.60	
windows	windows.joblinks.JobLinks	1.135	1.134	2	0	105	0.0896	0.0929	0.32	0	185	0.0083	0.0086	0.0192	0	42	1	1	10.795	136.7	0.0099	1	0.0907	0.0881	0.0	5.60	
windows	windows.kpcrs.KPCRs	0.925	0.925	2	0	101	0.0811	0.0837	0.3305	0	150	0.0024	0.0025	0.0023	0	24	1	1	33.792	385.4	0.0031	1	0.0824	0.0769	0.0	5.60	
windows	windows.lsadump.Lsadump	2.124	2.122	2	0	105	0.0941	0.0953	0.3716	0	165	0.006	0.0064	0.0058	0	24	1	0	15.683	354.0	0.0068	1	0.0938	0.0908	0.0	5.60	
windows	windows.malware.drivermodule.DriverModule	14.12	14.113	2	0	126	2.1512	2.2824	31.99	0	2287	0.0778	0.0788	1.0902	0	182	1	1	27.650	181.5	0.0797	1	2.1876	2.1252	0.0	5.60	
windows	windows.mbrscan.MBRScan	16.533	16.518	2	0	132	0.8934	0.902	6.6448	0	5265	0.2104	0.2114	5.2636	0	247	1	0	4.246	78.6	0.2138	1	0.8886	0.8912	0.0	4.99	
windows	windows.modscan.ModScan	13.079	13.071	2	0	121	2.1819	2.2296	33.8723	0	2191	0.0748	0.0765	1.0726	0	142	1	1	29.170	174.9	0.078	1	2.2479	2.082	0.0	4.67	
windows	windows.modules.Modules	1.009	1.009	2	0	99	0.0841	0.0867	0.3098	0	152	0.0037	0.0041	0.0036	0	42	1	1	22.730	272.7	0.0043	1	0.0851	0.0806	0.0	7.92	
windows	windows.mutantscan.MutantScan	13.508	13.504	2	0	121	2.1644	2.275	33.1637	0	2269	0.0755	0.0765	1.0907	0	164	1	1	28.668	178.9	0.0769	1	2.1201	2.1056	0.0	7.92	
windows	windows.netscan.NetScan	20.681	20.671	2	0	119	2.2592	2.2835	35.4229	0	2135	0.0765	0.0765	1.0884	0	140	1	1	29.532	270.3	0.0792	1	2.1619	2.1858	0.0	10.87	
windows	windows.netstat.NetStat	1.164	1.162	2	0	105	0.561	0.5707	0.7678	0	312	0.0059	0.0062	0.0076	0	42	1	1	95.085	197.3	0.0075	1	0.5651	0.5373	0.0	8.69	
windows	windows.orphan_kernel_threads.Threads	16.707	16.701	2	0	130	2.1928	2.3302	33.0186	0	2280	0.0787	0.0833	1.0948	0	218	1	1	27.863	212.3	0.0823	1	2.2052	2.2612	0.0	7.99	
windows	windows.pe_symbols.PESymbols	0.359	0.358	2	2	51	0.0033	0.0045	0.0032	1	42	0.0014	0.0018	0.0013	2	42	1	1	2.357	256.4	0.0027	1	0.0037	0.0032	0.0	11.93	needs arguments: usage error in every tool
windows	windows.poolscanner.PoolScanner	37.295	37.267	2	0	155	2.8334	2.8648	37.0799	0	2219	0.0951	0.0979	1.1529	0	376	1	0	29.794	392.2	0.0985	1	2.7889	2.7487	0.0	11.93	
windows	windows.privileges.Privs	1.329	1.327	2	0	104	0.0981	0.1016	0.3554	0	161	0.0101	0.0105	0.0279	0	42	1	1	9.713	131.6	0.0116	1	0.0979	0.0923	0.0	12.77	
windows	windows.pslist.PsList	1.174	1.173	2	0	104	0.0817	0.0848	0.2791	0	150	0.0038	0.0038	0.0036	0	42	1	1	21.500	308.9	0.0045	1	0.0856	0.0792	0.0	12.77	
windows	windows.psscan.PsScan	14.857	14.848	2	0	123	2.215	2.2815	33.6072	0	2265	0.0781	0.0786	1.0861	0	205	1	1	28.361	190.2	0.0816	1	2.2723	2.1412	0.0	12.77	
windows	windows.pstree.PsTree	1.444	1.443	2	0	107	0.0948	0.0987	0.3421	0	206	0.0099	0.01	0.0233	0	61	1	1	9.576	145.9	0.0114	1	0.0969	0.091	0.0	14.15	
windows	windows.registry.amcache.Amcache	1.035	1.035	2	0	102	0.0839	0.0866	0.3263	0	162	0.0032	0.0033	0.0031	0	42	1	1	26.219	323.4	0.0038	1	0.0857	0.0804	0.0	14.15	
windows	windows.registry.cachedump.Cachedump	1.946	1.945	2	0	105	0.0948	0.0956	0.3362	0	165	0.0061	0.0064	0.0059	0	42	1	1	15.541	319.0	0.0068	1	0.0931	0.0909	0.0	14.15	
windows	windows.registry.certificates.Certificates	4.283	4.28	2	0	109	0.1699	0.1719	0.3888	0	177	0.0094	0.0099	0.0091	0	42	1	1	18.074	455.6	0.0102	1	0.172	0.1725	0.0	14.15	
windows	windows.registry.getcellroutine.GetCellRoutine	1.356	1.355	2	0	111	0.23	0.2324	0.5361	0	152	0.0066	0.0068	0.0064	0	42	1	1	34.848	205.5	0.0069	1	0.2257	0.2238	0.0	13.10	
windows	windows.registry.hashdump.Hashdump	2.074	2.072	2	0	105	0.0907	0.0934	0.3374	1	162	0.006	0.0062	0.0058	0	42	1	0	15.117	345.7	0.0066	1	0.092	0.0891	0.0	13.10	
windows	windows.registry.hivelist.HiveList	0.982	0.982	2	0	103	0.0787	0.084	0.3171	0	149	0.0031	0.0036	0.003	0	42	1	1	25.387	316.8	0.0039	1	0.0813	0.0792	0.0	13.10	
windows	windows.registry.hivescan.HiveScan	3.285	3.282	2	0	102	0.1105	0.1121	0.3469	0	146	0.0037	0.0038	0.0035	0	42	1	1	29.865	887.8	0.0043	1	0.1139	0.1091	0.0	13.10	
windows	windows.registry.lsadump.Lsadump	2.211	2.209	2	0	105	0.0936	0.0962	0.3701	0	163	0.0062	0.0063	0.006	0	42	1	0	15.097	356.6	0.0067	1	0.0956	0.0901	0.0	13.10	
windows	windows.registry.printkey.PrintKey	2.377	2.373	2	0	108	0.1169	0.1212	0.3447	0	167	0.0084	0.0087	0.0122	0	42	1	1	13.917	283.0	0.0099	1	0.1175	0.1157	0.0	13.10	
windows	windows.registry.scheduled_tasks.ScheduledTasks	6.143	6.139	2	0	109	0.1657	0.1701	0.3821	0	169	0.0072	0.0074	0.007	0	42	1	1	23.014	853.2	0.0078	1	0.1649	0.1628	0.0	13.10	
windows	windows.registry.userassist.UserAssist	1.853	1.851	2	0	104	0.1059	0.1084	0.3465	0	168	0.0047	0.0049	0.0046	0	42	1	1	22.532	394.3	0.0055	1	0.11	0.1047	0.0	12.13	
windows	windows.scheduled_tasks.ScheduledTasks	6.238	6.23	2	0	109	0.1642	0.1674	0.4186	0	169	0.0071	0.0075	0.0069	0	42	1	1	23.127	878.6	0.0082	1	0.1655	0.1639	0.0	12.13	
windows	windows.sessions.Sessions	1.263	1.263	2	0	105	0.0944	0.0974	0.3195	0	203	0.0098	0.0102	0.0254	0	62	1	1	9.633	128.9	0.011	1	0.0948	0.0874	0.0	12.13	
windows	windows.shimcachemem.ShimcacheMem	1.632	1.631	2	0	108	0.0923	0.0951	0.3404	0	163	0.0052	0.0053	0.0073	0	42	1	1	17.750	313.8	0.0064	1	0.093	0.0894	0.0	12.13	
windows	windows.ssdt.SSDT	1.17	1.17	2	0	103	0.0949	0.0982	0.3212	0	150	0.0062	0.0064	0.0061	0	42	1	1	15.306	188.7	0.0069	1	0.0939	0.0913	0.0	12.13	
windows	windows.suspended_threads.SuspendedThreads	19.444	19.435	2	0	204	0.1043	0.1058	0.3717	0	210	0.0369	0.0375	0.1462	0	179	1	1	2.827	526.9	0.0421	1	0.1048	0.1014	0.0	12.13	
windows	windows.symlinkscan.SymlinkScan	13.133	13.126	2	0	122	2.1632	2.2629	33.7556	0	2288	0.0758	0.076	1.0949	0	154	1	1	28.538	173.3	0.0778	1	2.1296	2.1019	0.0	11.24	
windows	windows.thrdscan.ThrdScan	34.603	34.587	2	0	262	2.3963	2.4597	34.2034	0	2235	0.0895	0.091	1.1509	0	269	1	1	26.774	386.6	0.0933	1	2.4087	2.2903	0.0	9.66	
windows	windows.threads.Threads	18.673	18.664	2	0	244	0.2593	0.2691	0.4995	0	253	0.0233	0.0238	0.1283	0	115	1	1	11.129	801.4	0.0251	1	0.2608	0.2582	0.0	9.37	
windows	windows.timers.Timers	1.631	1.631	2	0	111	0.0979	0.1007	0.3449	0	154	0.0079	0.0083	0.0078	0	42	1	1	12.392	206.5	0.0085	1	0.0966	0.094	0.0	8.70	
windows	windows.truecrypt.Passphrase	0.792	0.791	2	0	99	0.0805	0.0832	0.2959	0	145	0.0027	0.0029	0.0026	0	42	1	1	29.815	293.3	0.0035	1	0.0849	0.0827	0.0	8.70	
windows	windows.unloadedmodules.UnloadedModules	0.776	0.774	2	0	99	0.0825	0.084	0.2951	0	148	0.0026	0.0027	0.0024	0	42	1	1	31.731	298.5	0.0042	1	0.0811	0.0788	0.0	8.70	
windows	windows.vadinfo.VadInfo	105.396	105.328	2	0	559	0.4489	0.4554	0.6691	0	242	0.0343	0.0349	0.1867	0	115	1	1	13.087	3072.8	0.0388	1	0.4489	0.4463	0.0	8.70	
windows	windows.vadwalk.VadWalk	19.891	19.881	2	0	358	0.3133	0.3148	0.5417	0	178	0.0244	0.0265	0.1042	0	45	1	1	12.840	815.2	0.0269	1	0.3203	0.3091	0.0	8.08	
windows	windows.verinfo.VerInfo	49.591	49.569	2	0	284	0.284	0.2915	0.5753	0	682	0.0499	0.0503	0.2415	0	475	1	1	5.691	993.8	0.0524	1	0.2828	0.2806	0.0	8.08	
windows	windows.virtmap.VirtMap	0.72	0.719	2	0	99	0.0811	0.0822	0.2918	0	147	0.0024	0.0025	0.0022	0	42	1	1	33.792	300.0	0.0032	1	0.083	0.0802	0.0	7.52	
windows	windows.windows.Windows	17.953	17.946	2	0	146	2.301	2.4013	32.9785	0	2343	0.0846	0.0864	1.0799	0	243	0	0	27.199	212.2	0.0875	0	2.2896	2.185	0.0	7.52	python's row order is nondeterministic (set iteration); sorted outputs identical
windows	windows.windowstations.WindowStations	17.138	17.127	2	0	131	2.2963	2.3822	34.0424	0	2194	0.0822	0.0855	1.0586	0	232	1	0	27.936	208.5	0.0845	1	2.2502	2.2254	0.0	9.80	
windows	windows.statistics.Statistics	1686.764	1686.451	1	0	111	70.8004	71.0798	71.2414	0	197	0.0278	0.0285	0.0275	0	93	1	1	2546.777	60675.0	0.0286	1	71.1413	67.261	0.0	11.85	python's page walk is quadratic (re-walks every valid run per step); rsvol walks each page once
windows	timeliner.Timeliner	1468.696	1468.253	1	0	3551	18.6747	18.8172	184.6293	0	7974	3.1382	3.3469	14.2857	0	2979	0	0	5.951	468.0	3.0079	0	18.5998	18.5632	0.0	1.01	python's output depends on plugin discovery (readdir) order, see Checks; rsvol's output is byte-identical to python's on the reference machine
linux	banners.Banners	21.562	21.551	1	0	416	0.3971	0.3992	6.9761	0	3195	0.1145	0.1158	3.306	0	17	1	1	3.468	188.3					0.0	3.04	
linux	linux.bash.Bash	10.213	10.206	1	0	659	0.2178	0.2262	0.231	0	204	0.0099	0.0106	0.0138	0	21	1	1	22.000	1031.6					0.0	1.89	
linux	linux.boottime.Boottime	7.996	7.991	1	0	659	0.1249	0.1283	0.1246	0	186	0.0037	0.004	0.0035	0	17	1	1	33.757	2161.1					0.0	1.63	
linux	linux.capabilities.Capabilities	8.206	8.2	1	0	659	0.1295	0.1329	0.129	0	189	0.0066	0.0072	0.0106	0	17	1	1	19.621	1243.3					0.0	1.45	
linux	linux.check_afinfo.Check_afinfo	20.19	20.175	1	0	931	0.3509	0.3713	0.3504	0	192	0.0051	0.0058	0.0049	0	17	1	1	68.804	3958.8					0.0	1.32	
linux	linux.check_creds.Check_creds	9.726	9.719	1	0	659	0.1335	0.1495	0.1332	0	185	0.0034	0.0038	0.0032	0	17	1	1	39.265	2860.6					0.0	1.17	
linux	linux.check_idt.Check_idt	28.251	28.235	1	0	951	0.3321	0.3513	0.3318	0	192	0.0121	0.0123	0.0267	0	39	1	1	27.446	2334.8					0.0	1.11	
linux	linux.check_modules.Check_modules	9.345	9.338	1	0	659	0.1254	0.1258	0.1251	0	187	0.0035	0.0037	0.0033	0	17	1	1	35.829	2670.0					0.0	1.08	
linux	linux.check_syscall.Check_syscall	22.013	22.001	1	0	1042	0.5028	0.525	0.502	0	197	0.0083	0.009	0.0081	0	23	1	1	60.578	2652.2					0.0	1.06	
linux	linux.ebpf.EBPF	8.706	8.701	1	0	659	0.1228	0.1252	0.1225	0	181	0.0025	0.0032	0.0024	0	17	1	1	49.120	3482.4					0.0	1.22	
linux	linux.elfs.Elfs	13.57	13.557	1	0	659	0.282	0.2847	0.2818	0	314	0.017	0.0187	0.0613	0	138	1	1	16.588	798.2					0.0	1.15	
linux	linux.envars.Envars	8.11	8.106	1	0	659	0.1446	0.1531	0.1439	0	199	0.0071	0.008	0.0143	0	23	1	1	20.366	1142.3					0.0	1.09	
linux	linux.hidden_modules.Hidden_modules	17.421	17.41	1	0	659	0.5935	0.6063	0.5932	0	197	0.0087	0.0089	0.0212	0	27	1	1	68.218	2002.4					0.0	1.07	
linux	linux.iomem.IOMem	9.143	9.135	1	0	659	0.1297	0.1497	0.1295	0	180	0.0022	0.003	0.0021	0	17	1	1	58.955	4155.9					0.0	1.03	
linux	linux.kallsyms.Kallsyms	105.366	105.279	1	1	711	1.216	1.2175	1.2148	0	300	0.1048	0.1088	0.3718	1	58	1	0	11.603	1005.4					0.0	1.02	python raises TypeError after 204,803 rows; rsvol reproduces output and exit code
linux	linux.keyboard_notifiers.Keyboard_notifiers	19.495	19.483	1	0	659	0.3387	0.3624	0.3384	0	192	0.01	0.0108	0.0229	0	57	1	0	33.870	1949.5					0.0	1.00	
linux	linux.kmsg.Kmsg	8.336	8.33	1	0	660	0.1351	0.1411	0.1349	0	181	0.004	0.0045	0.0039	0	57	1	1	33.775	2084.0					0.0	1.05	
linux	linux.kthreads.Kthreads	27.171	27.155	1	0	954	0.316	0.3262	0.3157	0	198	0.0313	0.0343	0.0448	0	57	1	1	10.096	868.1					0.0	1.03	
linux	linux.library_list.LibraryList	43.769	43.746	1	0	1033	0.277	0.2847	0.2768	0	319	0.0187	0.0192	0.0783	0	144	1	1	14.813	2340.6					0.0	1.05	
linux	linux.lsmod.Lsmod	15.895	15.886	1	0	951	0.1315	0.1328	0.1312	0	184	0.0039	0.0042	0.0037	0	57	1	1	33.718	4075.6					0.0	1.01	
linux	linux.malfind.Malfind	31.591	31.574	1	0	960	0.4156	0.4285	0.4151	0	225	0.0149	0.0152	0.0625	0	59	1	0	27.893	2120.2					0.0	1.00	
linux	linux.malware.check_afinfo.Check_afinfo	17.313	17.303	1	0	931	0.3386	0.3615	0.3381	0	192	0.006	0.0062	0.0058	0	57	1	1	56.433	2885.5					0.0	1.00	
linux	linux.malware.check_creds.Check_creds	9.167	9.16	1	0	659	0.1259	0.152	0.1257	0	186	0.0031	0.0038	0.0029	0	57	1	1	40.613	2957.1					0.0	1.00	
linux	linux.malware.check_idt.Check_idt	30.091	30.075	1	0	950	0.3113	0.3348	0.3108	0	192	0.012	0.0122	0.0241	0	57	1	1	25.942	2507.6					0.0	1.00	
linux	linux.malware.check_modules.Check_modules	7.894	7.888	1	0	659	0.1251	0.1282	0.1248	0	187	0.0036	0.004	0.0034	0	57	1	1	34.750	2192.8					0.0	1.00	
linux	linux.malware.check_syscall.Check_syscall	29.136	29.117	1	0	1042	0.4943	0.555	0.4934	0	196	0.0093	0.0105	0.0091	0	57	1	1	53.151	3132.9					0.0	1.00	
linux	linux.malware.hidden_modules.Hidden_modules	18.285	18.274	1	0	659	0.6069	0.6149	0.6061	0	197	0.0086	0.0091	0.021	0	57	1	1	70.570	2126.2					0.0	1.00	
linux	linux.malware.keyboard_notifiers.Keyboard_notifiers	19.192	19.181	1	0	660	0.3366	0.3697	0.3362	0	192	0.0098	0.0101	0.0217	0	57	1	0	34.347	1958.4					0.0	1.00	
linux	linux.malware.malfind.Malfind	34.626	34.604	1	0	960	0.4161	0.419	0.4157	0	225	0.0143	0.0149	0.0473	0	60	1	0	29.098	2421.4					0.0	1.00	
linux	linux.malware.modxview.Modxview	19.571	19.557	1	0	659	0.5762	0.5766	0.575	0	201	0.01	0.0103	0.0223	0	57	1	1	57.620	1957.1					0.0	1.00	
linux	linux.malware.netfilter.Netfilter	37.229	37.208	1	0	952	0.3156	0.3633	0.3153	0	193	0.0117	0.014	0.024	0	57	1	0	26.974	3182.0					0.0	1.00	
linux	linux.malware.process_spoofing.ProcessSpoofing	10.485	10.478	1	0	659	0.131	0.1384	0.1306	0	205	0.0076	0.0089	0.0164	0	57	1	1	17.237	1379.6					0.0	1.00	
linux	linux.malware.tty_check.Tty_Check	27.703	27.687	1	0	951	0.3179	0.3604	0.3176	0	193	0.0134	0.0142	0.0256	0	57	1	1	23.724	2067.4					0.0	1.00	
linux	linux.modxview.Modxview	17.775	17.766	1	0	660	0.5687	0.5691	0.5682	0	201	0.0097	0.0106	0.0227	0	57	1	1	58.629	1832.5					0.0	1.00	
linux	linux.netfilter.Netfilter	39.738	39.72	1	0	953	0.3087	0.3595	0.3085	0	193	0.012	0.0136	0.0255	0	57	1	0	25.725	3311.5					0.0	1.00	
linux	linux.pidhashtable.PIDHashTable	10.535	10.527	1	0	659	0.1405	0.1556	0.1401	0	188	0.0094	0.0099	0.0216	0	57	1	1	14.947	1120.7					0.0	1.00	
linux	linux.proc.Maps	41.695	41.676	1	0	1207	0.4486	0.4734	0.4483	0	213	0.0176	0.0194	0.0704	0	57	1	1	25.489	2369.0					0.0	1.00	
linux	linux.psaux.PsAux	8.896	8.89	1	0	659	0.138	0.1458	0.1375	0	199	0.0079	0.0083	0.0142	0	57	1	1	17.468	1126.1					0.0	1.00	
linux	linux.pslist.PsList	10.587	10.579	1	0	659	0.1323	0.1438	0.1319	0	189	0.0045	0.0048	0.0044	0	57	1	1	29.400	2352.7					0.0	1.00	
linux	linux.psscan.PsScan	58.633	58.601	1	0	659	0.4777	0.4839	3.4835	0	3282	0.1397	0.141	3.3646	0	57	1	1	3.419	419.7					0.0	1.00	
linux	linux.pstree.PsTree	8.894	8.889	1	0	659	0.126	0.1323	0.1258	0	186	0.0047	0.0052	0.0046	0	57	1	1	26.809	1892.3					0.0	1.02	
linux	linux.ptrace.Ptrace	8.538	8.532	1	0	659	0.1314	0.1357	0.1309	0	187	0.0065	0.0074	0.0082	0	57	1	0	20.215	1313.5					0.0	1.02	
linux	linux.tracing.ftrace.CheckFtrace	25.893	25.88	1	0	950	0.3118	0.3216	0.3114	0	193	0.0129	0.0138	0.024	0	57	1	1	24.171	2007.2					0.0	1.01	
linux	linux.tracing.perf_events.PerfEvents	8.217	8.211	1	0	659	0.1296	0.1414	0.1292	0	185	0.0042	0.0045	0.0041	0	57	1	0	30.857	1956.4					0.0	1.00	
linux	linux.tracing.tracepoints.CheckTracepoints	25.144	25.13	1	0	952	0.3154	0.3193	0.3149	0	193	0.012	0.0126	0.0262	0	57	1	0	26.283	2095.3					0.0	1.00	
linux	linux.tty_check.tty_check	24.355	24.344	1	0	951	0.3192	0.3709	0.3188	0	193	0.0125	0.0141	0.0259	0	57	1	1	25.536	1948.4					0.0	1.00	
linux	linux.vmcoreinfo.VMCoreInfo	9.234	9.225	1	0	3383	1.1924	1.1978	23.7487	0	4989	0.1193	0.1219	3.4231	0	57	1	1	9.995	77.4					0.0	1.00	
linux	linux.pscallstack.PsCallStack	650.809	650.566	1	0	665	0.5329	0.5562	0.5325	0	203	0.0173	0.0191	0.0812	0	57	1	1	30.803	37619.0					0.0	4.51	
linux	timeliner.Timeliner	262.114	261.945	1	0	4602	1.2327	1.2737	4.4997	0	3283	0.1399	0.1412	3.3813	0	105	0	0	8.811	1873.6					0.0	1.00	not comparable: rsvol does not implement linux.pagecache.Files / linux.lsof.Lsof, which feed python's linux timeline (72k of python's 76k rows)
