pass	rsvol_commit	tool	mode	n	wall_min	wall_med	cpu_at_min	rc	all_walls
1	123c8d4	rsvol	cold	5	0.0742	0.0746	0.0739	0	0.0761,0.0744,0.0742,0.0746,0.0748
1	123c8d4	rsvol	warm	5	0.0038	0.0049	0.0037	0	0.0050,0.0049,0.0038,0.0045,0.0049
1	123c8d4	vol-rs	cold	5	0.5650	0.5681	0.9457	0	0.5650,0.5689,0.5680,0.5873,0.5681
1	123c8d4	vol-rs	warm	5	0.0830	0.0854	0.3199	0	0.0975,0.0830,0.0933,0.0831,0.0854
1	123c8d4	python	cold	3	1.7843	1.8297	1.7526	0	1.8297,1.7843,1.9252
1	123c8d4	python	warm	3	0.9985	1.1203	0.9975	0	0.9985,1.2068,1.1203
2	344e88c	rsvol	cold	5	0.0731	0.0742	0.0729	0	0.0743,0.0736,0.0742,0.0731,0.0759
2	344e88c	rsvol	warm	5	0.0030	0.0038	0.0029	0	0.0039,0.0030,0.0038,0.0039,0.0033
2	344e88c	vol-rs	cold	5	0.5729	0.5825	0.8762	0	0.5749,0.5729,0.6156,0.6284,0.5825
2	344e88c	vol-rs	warm	5	0.0868	0.0880	0.3022	0	0.0914,0.0960,0.0868,0.0873,0.0880
