plugin	load1	py_wall	py_cpu	py_rss_mb	py_rc	py_n	volrs_wall	volrs_med	volrs_cpu	volrs_rss_mb	volrs_rc	rs_wall	rs_med	rs_cpu	rs_rss_mb	rs_rc	rs_eq_py	volrs_eq_py	py_lines	rs_lines	volrs_lines	files_mb_py
banners.Banners	0.53	29.226	29.212	74	0	2	0.6242	0.6311	11.1975	5176	0	0.1857	0.1864	5.5422	17	0	1	1	7	7	7	0.0
frameworkinfo.FrameworkInfo	3.77	0.375	0.375	54	0	2	0.0044	0.0052	0.0043	17	0	0.0022	0.0026	0.0021	17	0	0	0	457	447	253	0.0
isfinfo.IsfInfo	3.77	0.385	0.385	54	0	2	0.0037	0.0046	0.0035	17	0	0.0032	0.0040	0.0031	17	0	1	0	14	14	3	0.0
vmscan.Vmscan	3.77	1.878	1.877	74	0	2	0.0045	0.0048	0.0044	17	0	0.3141	0.3226	9.2790	118	0	1	1	3	3	3	0.0
windows.amcache.Amcache	3.34	1.039	1.039	102	0	2	0.0852	0.0914	0.3301	160	0	0.0039	0.0043	0.0037	17	0	1	1	3	3	3	0.0
windows.bigpools.BigPools	3.15	4.488	4.486	105	0	2	0.1405	0.1491	0.4738	144	0	0.0112	0.0115	0.0110	17	0	1	1	7179	7179	7179	0.0
windows.cachedump.Cachedump	2.68	2.092	2.090	104	0	2	0.0971	0.0982	0.3778	165	0	0.0070	0.0071	0.0068	18	0	1	1	3	3	3	0.0
windows.callbacks.Callbacks	2.54	19.438	19.431	127	0	2	2.4803	2.5153	35.7239	2200	0	0.0839	0.0851	1.0900	164	0	1	1	295	295	295	0.0
windows.cmdline.CmdLine	3.21	1.226	1.224	103	0	2	0.0941	0.0953	0.3611	201	0	0.0107	0.0127	0.0229	61	0	1	1	130	130	130	0.0
windows.cmdscan.CmdScan	3.03	5.826	5.822	108	0	2	0.3598	0.3616	0.6003	207	0	0.0257	0.0260	0.1389	98	0	1	0	33	33	76	0.0
windows.consoles.Consoles	2.45	7.572	7.569	108	0	2	0.3565	0.3614	0.6311	209	0	0.0204	0.0206	0.0615	64	0	1	0	168	168	76	0.0
windows.crashinfo.Crashinfo	1.96	0.432	0.431	58	1	2	0.0768	0.0842	0.2923	143	1	0.0028	0.0029	0.0027	17	1	1	1	0	0	0	0.0
windows.debugregisters.DebugRegisters	1.96	19.116	19.104	192	0	2	0.0927	0.0980	0.4002	180	0	0.0291	0.0296	0.1249	169	0	1	1	3	3	3	0.0
windows.deskscan.DeskScan	1.35	13.768	13.763	127	0	2	2.1522	2.2336	32.8708	2386	0	0.0827	0.0833	1.0692	189	0	1	1	325	325	325	0.0
windows.desktops.Desktops	2.69	17.245	17.236	132	0	2	2.2247	2.3269	32.6707	2265	0	0.0955	0.0980	1.0296	251	0	1	1	316	316	316	0.0
windows.devicetree.DeviceTree	2.85	13.841	13.835	121	0	2	2.1526	2.2966	32.5685	2294	0	0.0803	0.0835	1.0863	187	0	1	1	320	320	320	0.0
windows.dlllist.DllList	2.33	8.459	8.455	206	0	2	0.2217	0.2254	0.5590	401	0	0.0291	0.0312	0.0973	254	0	1	0	5449	5449	5449	0.0
windows.driverirp.DriverIrp	1.80	14.822	14.816	130	0	2	2.2576	2.3169	33.9827	2137	0	0.0828	0.0876	1.0759	188	0	1	1	4256	4256	4256	0.0
windows.drivermodule.DriverModule	1.66	13.730	13.724	126	0	2	2.1987	2.2647	33.3389	2284	0	0.0801	0.0810	1.0752	184	0	1	1	4	4	4	0.0
windows.driverscan.DriverScan	3.75	14.095	14.089	122	0	2	2.1663	2.3288	33.6890	2382	0	0.0789	0.0808	1.0838	183	0	1	1	152	152	152	0.0
windows.dumpfiles.DumpFiles	5.46	144.371	144.241	182	0	2	7.4984	7.5275	7.7747	7981	0	0.2432	0.2465	1.2431	1786	0	1	0	1633	1633	1633	1481.6
windows.envars.Envars	1.18	1.896	1.893	106	0	2	0.1025	0.1058	0.3442	207	0	0.0136	0.0154	0.0333	64	0	1	1	3665	3665	3665	0.0
windows.etwpatch.EtwPatch	1.16	17.508	17.497	196	0	2	0.2264	0.2277	0.4713	437	0	0.0463	0.0503	0.3004	200	0	1	1	3	3	3	0.0
windows.filescan.FileScan	1.06	24.586	24.574	148	0	2	2.3312	2.3756	33.8082	2308	0	0.0925	0.0934	1.0934	282	0	1	0	4584	4584	4592	0.0
windows.getservicesids.GetServiceSIDs	1.04	2.557	2.554	108	0	2	0.1284	0.1303	0.3729	166	0	0.0056	0.0061	0.0054	20	0	1	1	402	402	402	0.0
windows.getsids.GetSIDs	1.04	2.800	2.798	105	0	2	0.1237	0.1269	0.4367	173	0	0.0121	0.0133	0.0309	33	0	1	0	1602	1602	1601	0.0
windows.handles.Handles	1.03	37.617	37.584	162	0	2	0.6637	0.6676	0.9047	388	0	0.0644	0.0689	0.2900	273	0	1	1	40891	40891	40891	0.0
windows.hashdump.Hashdump	1.00	1.891	1.891	105	0	2	0.0942	0.0982	0.3720	162	1	0.0068	0.0072	0.0066	23	0	1	0	3	3	0	0.0
windows.iat.IAT	1.00	4.620	4.614	172	0	2	0.1670	0.1677	0.4179	350	0	0.0293	0.0314	0.1137	74	0	1	1	18411	18411	18411	0.0
windows.info.Info	1.00	0.841	0.840	99	0	2	0.0845	0.0871	0.3194	146	0	0.0046	0.0051	0.0045	23	0	1	0	23	23	23	0.0
windows.joblinks.JobLinks	1.00	1.135	1.134	105	0	2	0.0907	0.0918	0.3454	183	0	0.0099	0.0104	0.0202	44	0	1	1	146	146	146	0.0
windows.kpcrs.KPCRs	1.08	0.925	0.925	101	0	2	0.0824	0.0849	0.2938	148	0	0.0031	0.0033	0.0030	23	0	1	1	5	5	5	0.0
windows.lsadump.Lsadump	1.08	2.124	2.122	105	0	2	0.0938	0.0958	0.3638	165	0	0.0068	0.0071	0.0067	23	0	1	0	15	15	3	0.0
windows.malware.drivermodule.DriverModule	1.07	14.120	14.113	126	0	2	2.1876	2.2162	33.5765	2227	0	0.0797	0.0800	1.0664	184	0	1	1	4	4	4	0.0
windows.mbrscan.MBRScan	2.63	16.533	16.518	132	0	2	0.8886	0.8955	6.2501	5266	0	0.2138	0.2162	5.3392	249	0	1	0	293182	293182	28883	0.0
windows.modscan.ModScan	1.65	13.079	13.071	121	0	2	2.2479	2.2757	34.9370	2165	0	0.0780	0.0783	1.0810	144	0	1	1	194	194	194	0.0
windows.modules.Modules	3.04	1.009	1.009	99	0	2	0.0851	0.0886	0.3616	152	0	0.0043	0.0049	0.0042	42	0	1	1	186	186	186	0.0
windows.mutantscan.MutantScan	2.88	13.508	13.504	121	0	2	2.1201	2.2591	32.7102	2309	0	0.0769	0.0815	1.0687	165	0	1	1	589	589	589	0.0
windows.netscan.NetScan	5.27	20.681	20.671	119	0	2	2.1619	2.2761	32.8726	2359	0	0.0792	0.0809	1.0760	145	0	1	1	36	36	36	0.0
windows.netstat.NetStat	5.57	1.164	1.162	105	0	2	0.5651	0.5753	0.8538	316	0	0.0075	0.0079	0.0099	42	0	1	1	33	33	33	0.0
windows.orphan_kernel_threads.Threads	4.80	16.707	16.701	130	0	2	2.2052	2.3363	32.6964	2295	0	0.0823	0.0831	1.0889	219	0	1	1	3	3	3	0.0
windows.pe_symbols.PESymbols	4.85	0.359	0.358	51	2	2	0.0037	0.0048	0.0036	42	1	0.0027	0.0028	0.0025	42	2	1	1	0	0	0	0.0
windows.poolscanner.PoolScanner	4.54	37.295	37.267	155	0	2	2.7889	2.8596	36.2936	2173	0	0.0985	0.1026	1.1421	376	0	1	0	7248	7248	7256	0.0
windows.privileges.Privs	5.20	1.329	1.327	104	0	2	0.0979	0.1008	0.3580	165	0	0.0116	0.0136	0.0276	42	0	1	1	4413	4413	4413	0.0
windows.pslist.PsList	4.87	1.174	1.173	104	0	2	0.0856	0.0900	0.2993	151	0	0.0045	0.0050	0.0044	42	0	1	1	130	130	130	0.0
windows.psscan.PsScan	4.56	14.857	14.848	123	0	2	2.2723	2.3089	33.8345	2188	0	0.0816	0.0826	1.0669	208	0	1	1	136	136	136	0.0
windows.pstree.PsTree	6.04	1.444	1.443	107	0	2	0.0969	0.0995	0.3257	204	0	0.0114	0.0130	0.0251	63	0	1	1	129	129	129	0.0
windows.registry.amcache.Amcache	5.64	1.035	1.035	102	0	2	0.0857	0.0871	0.3452	158	0	0.0038	0.0042	0.0036	42	0	1	1	3	3	3	0.0
windows.registry.cachedump.Cachedump	5.64	1.946	1.945	105	0	2	0.0931	0.0972	0.3102	163	0	0.0068	0.0071	0.0066	42	0	1	1	3	3	3	0.0
windows.registry.certificates.Certificates	4.92	4.283	4.280	109	0	2	0.1720	0.1729	0.4620	176	0	0.0102	0.0103	0.0100	42	0	1	1	38	38	38	0.0
windows.registry.getcellroutine.GetCellRoutine	4.05	1.356	1.355	111	0	2	0.2257	0.2276	0.5291	154	0	0.0069	0.0070	0.0066	42	0	1	1	3	3	3	0.0
windows.registry.hashdump.Hashdump	3.81	2.074	2.072	105	0	2	0.0920	0.0952	0.3372	165	1	0.0066	0.0071	0.0064	42	0	1	0	3	3	0	0.0
windows.registry.hivelist.HiveList	3.58	0.982	0.982	103	0	2	0.0813	0.0849	0.3300	153	0	0.0039	0.0041	0.0038	42	0	1	1	25	25	25	0.0
windows.registry.hivescan.HiveScan	3.38	3.285	3.282	102	0	2	0.1139	0.1176	0.4032	146	0	0.0043	0.0045	0.0042	42	0	1	1	25	25	25	0.0
windows.registry.lsadump.Lsadump	3.01	2.211	2.209	105	0	2	0.0956	0.0969	0.3763	163	0	0.0067	0.0072	0.0065	42	0	1	0	15	15	3	0.0
windows.registry.printkey.PrintKey	2.85	2.377	2.373	108	0	2	0.1175	0.1236	0.4101	167	0	0.0099	0.0103	0.0151	42	0	1	1	494	494	494	0.0
windows.registry.scheduled_tasks.ScheduledTasks	2.56	6.143	6.139	109	0	2	0.1649	0.1665	0.4978	168	0	0.0078	0.0085	0.0076	42	0	1	1	236	236	236	0.0
windows.registry.userassist.UserAssist	2.12	1.853	1.851	104	0	2	0.1100	0.1102	0.4271	165	0	0.0055	0.0060	0.0053	42	0	1	1	384	384	384	0.0
windows.scheduled_tasks.ScheduledTasks	2.03	6.238	6.230	109	0	2	0.1655	0.1682	0.4737	167	0	0.0082	0.0084	0.0080	42	0	1	1	236	236	236	0.0
windows.sessions.Sessions	1.74	1.263	1.263	105	0	2	0.0948	0.0980	0.3681	205	0	0.0110	0.0129	0.0265	64	0	1	1	130	130	130	0.0
windows.shimcachemem.ShimcacheMem	1.68	1.632	1.631	108	0	2	0.0930	0.0956	0.3367	162	0	0.0064	0.0072	0.0090	42	0	1	1	356	356	356	0.0
windows.ssdt.SSDT	1.62	1.170	1.170	103	0	2	0.0939	0.0995	0.3708	148	0	0.0069	0.0073	0.0067	42	0	1	1	955	955	955	0.0
windows.suspended_threads.SuspendedThreads	1.57	19.444	19.435	204	0	2	0.1048	0.1058	0.3540	212	0	0.0421	0.0438	0.2229	182	0	1	1	3	3	3	0.0
windows.symlinkscan.SymlinkScan	1.21	13.133	13.126	122	0	2	2.1296	2.1391	33.0158	2370	0	0.0778	0.0783	1.1023	156	0	1	1	236	236	236	0.0
windows.thrdscan.ThrdScan	6.84	34.603	34.587	262	0	2	2.4087	2.4568	34.8091	2321	0	0.0933	0.0939	1.1454	272	0	1	1	1276	1276	1276	0.0
windows.threads.Threads	1.85	18.673	18.664	244	0	2	0.2608	0.2670	0.4758	255	0	0.0251	0.0256	0.1098	117	0	1	1	1254	1254	1254	0.0
windows.timers.Timers	1.36	1.631	1.631	111	0	2	0.0966	0.0992	0.3626	156	0	0.0085	0.0088	0.0083	42	0	1	1	88	88	88	0.0
windows.truecrypt.Passphrase	2.43	0.792	0.791	99	0	2	0.0849	0.0879	0.3091	147	0	0.0035	0.0038	0.0033	42	0	1	1	3	3	3	0.0
windows.unloadedmodules.UnloadedModules	2.43	0.776	0.774	99	0	2	0.0811	0.0854	0.3400	150	0	0.0042	0.0043	0.0041	42	0	1	1	10	10	10	0.0
windows.vadinfo.VadInfo	2.31	105.396	105.328	559	0	2	0.4489	0.4507	0.7956	244	0	0.0388	0.0403	0.1867	117	0	1	1	14141	14141	14141	0.0
windows.vadwalk.VadWalk	1.00	19.891	19.881	358	0	2	0.3203	0.3215	0.6873	176	0	0.0269	0.0280	0.1134	47	0	1	1	14141	14141	14141	0.0
windows.verinfo.VerInfo	1.00	49.591	49.569	284	0	2	0.2828	0.2944	0.5217	675	0	0.0524	0.0549	0.2529	480	0	1	1	5632	5632	5632	0.0
windows.virtmap.VirtMap	1.00	0.720	0.719	99	0	2	0.0830	0.0852	0.3423	145	0	0.0032	0.0034	0.0030	42	0	1	1	17	17	17	0.0
windows.windows.Windows	1.00	17.953	17.946	146	0	2	2.2896	2.3371	34.3086	2353	0	0.0875	0.0894	1.0790	246	0	0	0	561	561	584	0.0
windows.windowstations.WindowStations	2.34	17.138	17.127	131	0	2	2.2502	2.3040	33.9274	2371	0	0.0845	0.0851	1.1013	235	0	1	0	11	11	14	0.0
windows.statistics.Statistics	4.11	1686.764	1686.451	111	0	1	71.1413	71.8596	71.4183	198	0	0.0286	0.0303	0.0284	94	0	1	1	4	4	4	0.0
timeliner.Timeliner	1.01	1468.696	1468.253	3551	0	1	18.5998	18.9520	185.7449	7969	0	3.0079	3.3864	13.7060	2875	0	0	0	3460648	2842935	1278459	0.0
