plugin	load1	py_wall	py_cpu	py_rc	volrs_wall	volrs_cpu	volrs_rc	rs_wall	rs_cpu	rs_rc
banners.Banners	10.1	15.490	15.340	0	0.4552	3.6674	0	0.1943	2.2104	0
frameworkinfo.FrameworkInfo	10.8	0.438	0.401	0	0.0044	0.0041	0	0.0026	0.0022	0
isfinfo.IsfInfo	10.8	0.294	0.282	0	0.0026	0.0024	0	0.0019	0.0018	0
vmscan.Vmscan	10.8	2.936	2.859	0	0.0031	0.0026	0	0.1119	1.3973	0
windows.amcache.Amcache	11.0	0.888	0.862	0	0.1269	0.2303	0	0.0030	0.0026	0
windows.bigpools.BigPools	11.0	5.823	5.560	0	0.1751	0.6287	0	0.0069	0.0066	0
windows.cachedump.Cachedump	11.1	1.584	1.553	0	0.0808	0.1362	0	0.0068	0.0034	0
windows.callbacks.Callbacks	11.0	12.321	12.238	0	1.2967	8.1567	0	0.0646	0.4106	0
windows.cmdline.CmdLine	10.4	0.611	0.594	0	0.0536	0.2798	0	0.0019	0.0068	0
windows.cmdscan.CmdScan	10.4	3.423	3.398	0	0.1805	0.4344	0	0.0066	0.0499	0
windows.consoles.Consoles	9.8	4.706	4.683	0	0.1764	0.4395	0	0.0053	0.0262	0
windows.crashinfo.Crashinfo	9.4	0.311	0.282	1	0.0525	0.3372	1	0.0010	0.0009	1
windows.debugregisters.DebugRegisters	9.4	11.133	11.074	0	0.0570	0.3044	0	0.0059	0.0388	0
windows.deskscan.DeskScan	8.7	8.587	8.520	0	1.0378	6.1561	0	0.0613	0.4204	0
windows.desktops.Desktops	8.6	12.254	12.174	0	0.9878	8.1052	0	0.0476	0.4778	0
windows.devicetree.DeviceTree	8.7	10.644	10.542	0	1.1068	8.4480	0	0.0627	0.4090	0
windows.dlllist.DllList	10.7	4.558	4.519	0	0.1775	0.7909	0	0.0079	0.0365	0
windows.driverirp.DriverIrp	10.3	8.609	8.554	0	1.0096	7.6106	0	0.0516	0.4614	0
windows.drivermodule.DriverModule	9.6	8.112	8.070	0	1.1199	7.6822	0	0.0480	0.4605	0
windows.driverscan.DriverScan	9.0	8.378	8.318	0	0.9285	7.2711	0	0.0460	0.4436	0
windows.dumpfiles.DumpFiles	9.0	100.549	99.466	0	10.2758	10.3973	0	0.9336	0.7237	0
windows.envars.Envars	12.0	2.014	1.985	0	0.0723	0.1680	0	0.0049	0.0135	0
windows.etwpatch.EtwPatch	12.0	16.838	16.596	0	0.2325	0.2794	0	0.0404	0.1285	0
windows.filescan.FileScan	12.6	17.733	17.628	0	1.1175	7.1530	0	0.0623	0.4235	0
windows.getservicesids.GetServiceSIDs	11.6	2.422	1.898	0	0.1343	0.2731	0	0.0028	0.0026	0
windows.getsids.GetSIDs	11.8	3.405	3.342	0	0.1260	0.2563	0	0.0057	0.0178	0
windows.handles.Handles	12.3	23.790	23.671	0	0.5289	0.5647	0	0.0410	0.1071	0
windows.hashdump.Hashdump	10.6	1.331	1.312	0	0.0610	0.2578	1	0.0030	0.0029	0
windows.iat.IAT	10.6	3.078	3.042	0	0.0899	0.3327	0	0.0087	0.0286	0
windows.info.Info	10.2	0.549	0.527	0	0.1028	0.6111	0	0.0020	0.0018	0
windows.joblinks.JobLinks	10.2	0.785	0.767	0	0.0597	0.2937	0	0.0027	0.0072	0
windows.kpcrs.KPCRs	10.2	0.599	0.579	0	0.0661	0.3573	0	0.0010	0.0009	0
windows.lsadump.Lsadump	10.2	1.314	1.288	0	0.0728	0.3451	0	0.0033	0.0031	0
windows.malware.drivermodule.DriverModule	9.9	8.031	7.984	0	1.1304	7.7413	0	0.0491	0.4626	0
windows.mbrscan.MBRScan	9.4	9.831	9.771	0	0.4907	3.0279	0	0.1818	2.5032	0
windows.modscan.ModScan	9.1	8.949	8.894	0	0.9759	7.1894	0	0.0594	0.3990	0
windows.modules.Modules	10.6	0.589	0.576	0	0.0512	0.2490	0	0.0019	0.0019	0
windows.mutantscan.MutantScan	10.6	8.622	8.564	0	1.2342	4.9430	0	0.0474	0.4556	0
windows.netscan.NetScan	11.5	12.357	11.629	0	1.0175	6.9584	0	0.0575	0.3856	0
windows.netstat.NetStat	12.8	0.745	0.725	0	0.2901	0.4382	0	0.0028	0.0042	0
windows.orphan_kernel_threads.Threads	12.8	13.522	13.264	0	0.9563	7.5388	0	0.0468	0.4661	0
windows.pe_symbols.PESymbols	13.7	0.394	0.373	2	0.0019	0.0019	1	0.0007	0.0006	2
windows.poolscanner.PoolScanner	13.5	24.409	24.207	0	1.2601	7.1903	0	0.0706	0.4497	0
windows.privileges.Privs	13.7	0.717	0.697	0	0.0545	0.2821	0	0.0039	0.0107	0
windows.pslist.PsList	13.7	0.656	0.636	0	0.0500	0.3007	0	0.0018	0.0018	0
windows.psscan.PsScan	13.0	11.552	11.278	0	0.9407	8.2215	0	0.0444	0.4671	0
windows.pstree.PsTree	13.1	0.846	0.828	0	0.0599	0.3163	0	0.0027	0.0090	0
windows.registry.amcache.Amcache	12.5	0.729	0.703	0	0.0546	0.2741	0	0.0016	0.0014	0
windows.registry.cachedump.Cachedump	12.5	1.622	1.593	0	0.0706	0.2348	0	0.0030	0.0028	0
windows.registry.certificates.Certificates	12.5	3.527	3.494	0	0.1104	0.2454	0	0.0048	0.0046	0
windows.registry.getcellroutine.GetCellRoutine	12.3	1.306	1.288	0	0.1778	0.4130	0	0.0030	0.0029	0
windows.registry.hashdump.Hashdump	12.3	1.716	1.688	0	0.0772	0.1770	1	0.0045	0.0043	0
windows.registry.hivelist.HiveList	12.3	0.878	0.853	0	0.0668	0.1696	0	0.0036	0.0032	0
windows.registry.hivescan.HiveScan	12.3	2.754	2.712	0	0.1106	0.2379	0	0.0030	0.0029	0
windows.registry.lsadump.Lsadump	12.9	2.843	2.767	0	0.2032	0.4871	0	0.0031	0.0030	0
windows.registry.printkey.PrintKey	12.9	2.003	1.972	0	0.0803	0.2800	0	0.0033	0.0057	0
windows.registry.scheduled_tasks.ScheduledTasks	12.6	4.682	4.638	0	0.1152	0.2927	0	0.0051	0.0048	0
windows.registry.userassist.UserAssist	12.5	2.757	2.358	0	0.3428	0.5191	0	0.0042	0.0039	0
windows.scheduled_tasks.ScheduledTasks	13.7	5.689	5.559	0	0.1743	0.2568	0	0.0062	0.0059	0
windows.sessions.Sessions	13.9	1.525	1.416	0	0.2335	0.3515	0	0.0098	0.0125	0
windows.shimcachemem.ShimcacheMem	13.9	2.443	2.209	0	0.1827	0.1815	0	0.0094	0.0059	0
windows.ssdt.SSDT	14.7	1.364	1.311	0	0.1387	0.1725	0	0.0105	0.0050	0
windows.suspended_threads.SuspendedThreads	14.7	13.202	13.041	0	0.0999	0.1362	0	0.0263	0.0975	0
windows.symlinkscan.SymlinkScan	14.2	7.776	7.737	0	0.8935	8.1742	0	0.0451	0.4702	0
windows.thrdscan.ThrdScan	14.0	19.519	19.432	0	1.2925	5.2893	0	0.0579	0.4895	0
windows.threads.Threads	13.4	9.974	9.918	0	0.1421	0.3964	0	0.0054	0.0339	0
windows.timers.Timers	12.0	0.975	0.947	0	0.0549	0.2834	0	0.0036	0.0034	0
windows.truecrypt.Passphrase	12.0	0.509	0.490	0	0.0491	0.2896	0	0.0011	0.0010	0
windows.unloadedmodules.UnloadedModules	11.8	0.473	0.450	0	0.0473	0.2588	0	0.0015	0.0013	0
windows.vadinfo.VadInfo	11.8	59.180	58.894	0	0.2318	0.4535	0	0.0093	0.0601	0
windows.vadwalk.VadWalk	8.3	12.784	12.682	0	0.1758	0.3745	0	0.0083	0.0355	0
windows.verinfo.VerInfo	9.3	39.346	38.458	0	0.2710	0.3386	0	0.0166	0.1029	0
windows.virtmap.VirtMap	9.9	0.629	0.611	0	0.0549	0.1924	0	0.0009	0.0008	0
windows.windows.Windows	9.9	11.848	11.700	0	1.0188	7.8133	0	0.0624	0.4457	0
windows.windowstations.WindowStations	11.4	9.445	9.413	0	0.9195	7.5134	0	0.0453	0.4660	0
