plugin	load1	py_src	py_n	rs_cold_wall	rs_cold_med	rs_cold_cpu	rs_cold_rss_mb	rs_cold_rc	rs_cold_lines	rs_steady_wall	rs_steady_med	rs_steady_cpu	rs_steady_rss_mb	rs_steady_rc	rs_steady_lines	rs_warm_wall	rs_warm_med	rs_warm_cpu	rs_warm_rss_mb	rs_warm_rc	rs_warm_lines	vr_cold_wall	vr_cold_med	vr_cold_cpu	vr_cold_rss_mb	vr_cold_rc	vr_cold_lines	vr_warm_wall	vr_warm_med	vr_warm_cpu	vr_warm_rss_mb	vr_warm_rc	vr_warm_lines	py_wall	py_med	py_cpu	py_rss_mb	py_rc	py_lines	rs_cold_eq_py	rs_steady_eq_py	rs_warm_eq_py	vr_cold_eq_py	vr_warm_eq_py	rs_consistent	files_mb_py	files_mb_rs	files_mb_vr
banners.Banners	0.55	pass1	2	0.1844	0.1868	5.4959	19	0	7	0.1831	0.1854	5.5080	19	0	7	0.0023	0.0024	0.0022	19	0	7	0.6241	0.6346	11.1501	5174	0	7	0.6263	0.6292	11.0680	5176	0	7	29.2259	29.5092	29.2116	74	0	7	1	1	1	1	1	1	0.0	0.0	0.0
frameworkinfo.FrameworkInfo	5.31	fresh	2	0.0016	0.0024	0.0015	19	0	457	0.0015	0.0022	0.0014	19	0	457	0.0017	0.0018	0.0016	19	0	457	0.0050	0.0051	0.0049	19	0	253	0.0038	0.0042	0.0037	19	0	253	0.3829	0.3892	0.3828	54	0	457	0	0	0	0	0	1	0.0	0.0	0.0
isfinfo.IsfInfo	5.31	fresh	2	0.0031	0.0032	0.0030	19	0	14	0.0029	0.0034	0.0028	19	0	14	0.0028	0.0029	0.0027	19	0	14	0.0038	0.0041	0.0036	19	0	3	0.0037	0.0039	0.0036	19	0	3	0.3745	0.3836	0.3738	54	0	14	1	1	1	0	0	1	0.0	0.0	0.0
vmscan.Vmscan	5.31	pass1	2	0.2858	0.2919	8.2709	119	0	3	0.3109	0.3116	9.2385	117	0	3	0.0150	0.0159	0.0488	117	0	3	0.0041	0.0047	0.0040	19	0	3	0.0041	0.0050	0.0040	19	0	3	1.8780	1.8818	1.8772	74	0	3	1	1	1	1	1	1	0.0	0.0	0.0
windows.amcache.Amcache	7.53	pass1	2	0.0662	0.0669	0.2959	43	0	3	0.0032	0.0034	0.0030	19	0	3	0.0027	0.0032	0.0026	19	0	3	0.5613	0.5632	0.8088	290	0	3	0.0847	0.0880	0.3190	162	0	3	1.0393	1.0589	1.0387	102	0	3	1	1	1	1	1	1	0.0	0.0	0.0
windows.bigpools.BigPools	7.01	pass1	2	0.0665	0.0681	0.3043	43	0	7179	0.0101	0.0102	0.0100	19	0	7179	0.0092	0.0100	0.0091	19	0	7179	0.6161	0.6213	0.8910	287	0	7179	0.1392	0.1421	0.3932	148	0	7179	4.4881	4.6389	4.4858	105	0	7179	1	1	1	1	1	1	0.0	0.0	0.0
windows.cachedump.Cachedump	6.53	pass1	2	0.0638	0.0652	0.2907	43	0	3	0.0065	0.0067	0.0064	19	0	3	0.0059	0.0067	0.0057	19	0	3	0.5648	0.5748	0.8210	294	0	3	0.0968	0.0983	0.3282	163	0	3	2.0921	2.1002	2.0904	104	0	3	1	1	1	1	1	1	0.0	0.0	0.0
windows.callbacks.Callbacks	6.08	pass1	2	0.1309	0.1408	1.3197	181	0	295	0.0784	0.0793	1.0542	160	0	295	0.0086	0.0086	0.0084	26	0	295	2.9626	2.9910	35.0921	2350	0	295	2.4459	2.4844	35.4454	2170	0	295	19.4381	19.5957	19.4309	127	0	295	1	1	1	1	1	1	0.0	0.0	0.0
windows.cmdline.CmdLine	7.85	pass1	2	0.0672	0.0688	0.3014	81	0	130	0.0097	0.0100	0.0203	60	0	130	0.0091	0.0100	0.0189	60	0	130	0.5592	0.5687	0.8091	327	0	130	0.0911	0.0940	0.3270	199	0	130	1.2257	1.2449	1.2241	103	0	130	1	1	1	1	1	1	0.0	0.0	0.0
windows.cmdscan.CmdScan	7.30	pass1	2	0.0777	0.0793	0.3836	119	0	33	0.0197	0.0200	0.1036	96	0	33	0.0165	0.0165	0.0486	94	0	33	0.8334	0.8375	1.0458	324	0	76	0.3601	0.3653	0.6154	207	0	76	5.8257	5.8384	5.8219	108	0	33	1	1	1	0	0	1	0.0	0.0	0.0
windows.consoles.Consoles	6.80	pass1	2	0.0756	0.0777	0.3523	86	0	168	0.0165	0.0170	0.0537	64	0	168	0.0171	0.0172	0.0497	63	0	168	0.8325	0.8408	1.1265	338	0	76	0.3593	0.3636	0.6053	206	0	76	7.5722	7.7759	7.5692	108	0	168	1	1	1	0	0	1	0.0	0.0	0.0
windows.crashinfo.Crashinfo	5.91	pass1	2	0.0022	0.0023	0.0020	19	1	0	0.0021	0.0023	0.0021	19	1	0	0.0022	0.0023	0.0021	19	1	0	0.5549	0.5609	0.7859	280	1	0	0.0838	0.0846	0.3283	147	1	0	0.4322	0.4363	0.4308	58	1	0	1	1	1	1	1	1	0.0	0.0	0.0
windows.debugregisters.DebugRegisters	5.91	pass1	2	0.0812	0.0817	0.3732	191	0	3	0.0239	0.0247	0.0982	169	0	3	0.0240	0.0243	0.1050	168	0	3	0.5607	0.5700	0.7770	318	0	3	0.0948	0.0970	0.3528	180	0	3	19.1162	19.1903	19.1040	192	0	3	1	1	1	1	1	1	0.0	0.0	0.0
windows.deskscan.DeskScan	5.51	pass1	2	0.1346	0.1413	1.3193	215	0	325	0.0781	0.0794	1.0588	187	0	325	0.0116	0.0117	0.0146	67	0	325	2.6191	2.6724	32.8347	2322	0	325	2.1714	2.2101	33.2310	2337	0	325	13.7682	13.9404	13.7629	127	0	325	1	1	1	1	1	1	0.0	0.0	0.0
windows.desktops.Desktops	6.74	pass1	2	0.1454	0.1482	1.2868	277	0	316	0.0825	0.0857	1.0631	248	0	316	0.0204	0.0211	0.0447	134	0	316	2.7064	2.7413	33.8634	2283	0	316	2.2174	2.3450	32.9319	2308	0	316	17.2453	17.3325	17.2364	132	0	316	1	1	1	1	1	1	0.0	0.0	0.0
windows.devicetree.DeviceTree	7.88	pass1	2	0.1328	0.1404	1.3426	217	0	320	0.0768	0.0782	1.0558	189	0	320	0.0098	0.0103	0.0182	66	0	320	2.6584	2.7505	33.8880	2248	0	320	2.1846	2.3161	33.6811	2326	0	320	13.8406	14.0431	13.8348	121	0	320	1	1	1	1	1	1	0.0	0.0	0.0
windows.dlllist.DllList	13.25	pass1	2	0.0855	0.0874	0.3849	277	0	5449	0.0268	0.0270	0.0947	251	0	5449	0.0268	0.0281	0.0938	251	0	5449	0.7029	0.7103	0.9473	529	0	5449	0.2266	0.2333	0.4519	401	0	5449	8.4592	8.7771	8.4551	206	0	5449	1	1	1	0	0	1	0.0	0.0	0.0
windows.driverirp.DriverIrp	12.27	pass1	2	0.1355	0.1403	1.3309	214	0	4256	0.0796	0.0813	1.0554	187	0	4256	0.0146	0.0150	0.0233	64	0	4256	2.6662	2.6820	34.2797	2235	0	4256	2.1712	2.2865	32.5305	2259	0	4256	14.8221	14.9865	14.8163	130	0	4256	1	1	1	1	1	1	0.0	0.0	0.0
windows.drivermodule.DriverModule	13.90	pass1	2	0.1319	0.1371	1.3447	212	0	4	0.0788	0.0789	1.0402	184	0	4	0.0088	0.0092	0.0177	60	0	4	2.5877	2.7102	33.2391	2220	0	4	2.1478	2.1846	31.8113	2288	0	4	13.7297	13.9810	13.7244	126	0	4	1	1	1	1	1	1	0.0	0.0	0.0
windows.driverscan.DriverScan	14.57	pass1	2	0.1334	0.1374	1.3125	212	0	152	0.0776	0.0786	1.0514	184	0	152	0.0093	0.0095	0.0183	61	0	152	2.6307	2.6642	33.8244	2268	0	152	2.1940	2.2366	33.5605	2259	0	152	14.0953	14.1417	14.0892	122	0	152	1	1	1	1	1	1	0.0	0.0	0.0
windows.dumpfiles.DumpFiles	9.94	pass1	2	0.2963	0.2987	1.5550	1808	0	1633	0.2425	0.2453	1.2703	1784	0	1633	0.2400	0.2435	1.2685	1785	0	1633	8.0866	8.1289	8.3709	8085	0	1633	7.5220	7.6749	7.7705	7984	0	1633	144.3714	145.2227	144.2405	182	0	1633	1	1	1	0	0	1	1481.6	1481.6	4538.3
windows.envars.Envars	2.63	pass1	2	0.0686	0.0708	0.3131	87	0	3665	0.0116	0.0124	0.0294	63	0	3665	0.0122	0.0122	0.0293	63	0	3665	0.5716	0.5827	0.8198	331	0	3665	0.1018	0.1046	0.3085	209	0	3665	1.8964	1.9643	1.8935	106	0	3665	1	1	1	1	1	1	0.0	0.0	0.0
windows.etwpatch.EtwPatch	3.94	pass1	2	0.1182	0.1232	0.5979	230	0	3	0.0468	0.0484	0.2050	200	0	3	0.0453	0.0515	0.2656	200	0	3	0.6992	0.7098	0.9463	556	0	3	0.2240	0.2293	0.4323	436	0	3	17.5077	17.8203	17.4973	196	0	3	1	1	1	1	1	1	0.0	0.0	0.0
windows.filescan.FileScan	6.19	pass1	2	0.1450	0.1486	1.3898	310	0	4584	0.0903	0.0917	1.1148	281	0	4584	0.0283	0.0284	0.0929	169	0	4584	2.7778	2.8425	32.8220	2203	0	4592	2.3062	2.3151	32.7718	2365	0	4592	24.5858	24.6552	24.5744	148	0	4584	1	1	1	0	0	1	0.0	0.0	0.0
windows.getservicesids.GetServiceSIDs	7.23	pass1	2	0.0664	0.0684	0.3037	43	0	402	0.0051	0.0053	0.0050	19	0	402	0.0051	0.0052	0.0049	19	0	402	0.5984	0.6021	0.8611	293	0	402	0.1278	0.1312	0.3670	164	0	402	2.5572	2.5574	2.5545	108	0	402	1	1	1	1	1	1	0.0	0.0	0.0
windows.getsids.GetSIDs	6.73	pass1	2	0.0680	0.0689	0.3320	52	0	1602	0.0102	0.0104	0.0355	31	0	1602	0.0100	0.0102	0.0350	31	0	1602	0.5982	0.6008	0.8207	308	0	1601	0.1203	0.1241	0.3617	177	0	1601	2.7999	2.8520	2.7980	105	0	1602	1	1	1	0	0	1	0.0	0.0	0.0
windows.handles.Handles	6.73	pass1	2	0.1178	0.1195	0.6689	295	0	40891	0.0615	0.0644	0.3766	271	0	40891	0.0666	0.0677	0.4322	270	0	40891	1.1296	1.1509	1.3967	510	0	40891	0.6672	0.6750	0.9397	390	0	40891	37.6170	37.8944	37.5841	162	0	40891	1	1	1	1	1	1	0.0	0.0	0.0
windows.hashdump.Hashdump	5.46	pass1	2	0.0650	0.0663	0.2894	43	0	3	0.0063	0.0064	0.0061	19	0	3	0.0056	0.0063	0.0054	19	0	3	0.5634	0.5702	0.8228	291	1	0	0.0927	0.0971	0.3206	162	1	0	1.8913	1.9914	1.8909	105	0	3	1	1	1	0	0	1	0.0	0.0	0.0
windows.iat.IAT	5.10	pass1	2	0.0827	0.0829	0.3984	95	0	18411	0.0249	0.0252	0.0938	73	0	18411	0.0242	0.0254	0.1082	72	0	18411	0.6430	0.6506	0.8639	460	0	18411	0.1704	0.1727	0.4160	350	0	18411	4.6201	4.7801	4.6138	172	0	18411	1	1	1	1	1	1	0.0	0.0	0.0
windows.info.Info	4.78	pass1	2	0.0630	0.0638	0.2865	43	0	23	0.0027	0.0030	0.0026	19	0	23	0.0022	0.0030	0.0021	19	0	23	0.5694	0.5712	0.7892	268	0	23	0.0817	0.0823	0.3066	148	0	23	0.8405	0.8486	0.8401	99	0	23	1	1	1	0	0	1	0.0	0.0	0.0
windows.joblinks.JobLinks	4.78	pass1	2	0.0661	0.0676	0.2886	64	0	146	0.0084	0.0087	0.0177	44	0	146	0.0081	0.0083	0.0176	43	0	146	0.5620	0.5748	0.7768	301	0	146	0.0942	0.0969	0.3603	183	0	146	1.1352	1.1559	1.1337	105	0	146	1	1	1	1	1	1	0.0	0.0	0.0
windows.kpcrs.KPCRs	4.47	pass1	2	0.0635	0.0639	0.2872	42	0	5	0.0024	0.0026	0.0023	19	0	5	0.0019	0.0027	0.0018	19	0	5	0.5616	0.5650	0.7855	264	0	5	0.0821	0.0836	0.3241	148	0	5	0.9250	0.9961	0.9246	101	0	5	1	1	1	1	1	1	0.0	0.0	0.0
windows.lsadump.Lsadump	4.19	pass1	2	0.0668	0.0673	0.3002	43	0	15	0.0060	0.0064	0.0059	19	0	15	0.0057	0.0065	0.0056	19	0	15	0.5681	0.5771	0.7931	302	0	3	0.0909	0.0959	0.3123	161	0	3	2.1235	2.1797	2.1217	105	0	15	1	1	1	0	0	1	0.0	0.0	0.0
windows.malware.drivermodule.DriverModule	3.94	pass1	2	0.1338	0.1358	1.3375	214	0	4	0.0780	0.0799	1.0788	184	0	4	0.0090	0.0091	0.0178	60	0	4	2.6348	2.6950	33.5985	2238	0	4	2.1516	2.2442	33.0378	2319	0	4	14.1202	14.2985	14.1131	126	0	4	1	1	1	1	1	1	0.0	0.0	0.0
windows.mbrscan.MBRScan	4.60	pass1	2	0.2796	0.2822	5.5064	287	0	293182	0.2132	0.2152	5.7572	248	0	293182	0.1026	0.1050	0.2996	260	0	293182	1.3702	1.3868	7.0577	5283	0	28883	0.8999	0.9082	6.6276	5267	0	28883	16.5333	16.6348	16.5180	132	0	293182	1	1	1	0	0	1	0.0	0.0	0.0
windows.modscan.ModScan	3.58	pass1	2	0.1322	0.1334	1.3384	173	0	194	0.0750	0.0761	1.0561	144	0	194	0.0040	0.0043	0.0039	19	0	194	2.6180	2.6695	33.9076	2214	0	194	2.1470	2.2355	32.7828	2258	0	194	13.0791	13.1738	13.0713	121	0	194	1	1	1	1	1	1	0.0	0.0	0.0
windows.modules.Modules	7.87	pass1	2	0.0651	0.0655	0.2803	43	0	186	0.0039	0.0043	0.0038	19	0	186	0.0033	0.0043	0.0032	19	0	186	0.5624	0.5675	0.8110	273	0	186	0.0855	0.0868	0.3337	154	0	186	1.0095	1.0126	1.0092	99	0	186	1	1	1	1	1	1	0.0	0.0	0.0
windows.mutantscan.MutantScan	7.32	pass1	2	0.1380	0.1388	1.3339	194	0	589	0.0755	0.0821	1.0481	165	0	589	0.0080	0.0081	0.0108	38	0	589	2.6349	2.6902	34.3012	2239	0	589	2.1962	2.2191	33.7349	2398	0	589	13.5085	13.6022	13.5040	121	0	589	1	1	1	1	1	1	0.0	0.0	0.0
windows.netscan.NetScan	13.95	pass1	2	0.1329	0.1375	1.3551	172	0	36	0.0758	0.0770	1.0689	143	0	36	0.0061	0.0063	0.0081	19	0	36	2.6271	2.6717	33.9947	2259	0	36	2.1678	2.2910	33.7070	2279	0	36	20.6808	20.7208	20.6709	119	0	36	1	1	1	1	1	1	0.0	0.0	0.0
windows.netstat.NetStat	12.89	pass1	2	0.0677	0.0698	0.3021	43	0	33	0.0065	0.0069	0.0078	19	0	33	0.0064	0.0070	0.0083	19	0	33	1.0531	1.0699	1.3080	303	0	33	0.5718	0.5737	0.7951	303	0	33	1.1640	1.2439	1.1622	105	0	33	1	1	1	1	1	1	0.0	0.0	0.0
windows.orphan_kernel_threads.Threads	11.06	pass1	2	0.1378	0.1408	1.3242	247	0	3	0.0794	0.0809	1.0645	217	0	3	0.0134	0.0134	0.0331	97	0	3	2.6774	2.7906	34.1656	2242	0	3	2.1958	2.2733	32.9844	2306	0	3	16.7073	16.9238	16.7012	130	0	3	1	1	1	1	1	1	0.0	0.0	0.0
windows.pe_symbols.PESymbols	12.39	pass1	2	0.0013	0.0016	0.0012	19	2	0	0.0013	0.0015	0.0012	19	2	0	0.0016	0.0016	0.0015	19	2	0	0.0031	0.0036	0.0030	19	1	0	0.0030	0.0034	0.0029	19	1	0	0.3587	0.3589	0.3582	51	2	0	1	1	1	1	1	1	0.0	0.0	0.0
windows.poolscanner.PoolScanner	12.39	pass1	2	0.1552	0.1601	1.4014	405	0	7248	0.0958	0.0978	1.1375	376	0	7248	0.0400	0.0409	0.1724	270	0	7248	3.2778	3.3100	37.4624	2322	0	7256	2.8688	2.8823	37.9412	2233	0	7256	37.2946	37.6869	37.2666	155	0	7248	1	1	1	0	0	1	0.0	0.0	0.0
windows.privileges.Privs	9.79	pass1	2	0.0684	0.0695	0.3058	49	0	4413	0.0101	0.0105	0.0291	25	0	4413	0.0097	0.0104	0.0238	26	0	4413	0.5655	0.5791	0.8200	297	0	4413	0.0998	0.1024	0.3216	161	0	4413	1.3291	1.3430	1.3268	104	0	4413	1	1	1	1	1	1	0.0	0.0	0.0
windows.pslist.PsList	9.17	pass1	2	0.0652	0.0657	0.2841	43	0	130	0.0042	0.0045	0.0040	19	0	130	0.0035	0.0042	0.0033	19	0	130	0.5585	0.5656	0.7983	291	0	130	0.0882	0.0897	0.3290	152	0	130	1.1736	1.1949	1.1733	104	0	130	1	1	1	1	1	1	0.0	0.0	0.0
windows.psscan.PsScan	8.51	pass1	2	0.1374	0.1436	1.3563	238	0	136	0.0777	0.0801	1.0560	207	0	136	0.0114	0.0117	0.0365	87	0	136	2.6679	2.7321	34.1395	2240	0	136	2.2271	2.2600	33.0358	2270	0	136	14.8566	14.9665	14.8481	123	0	136	1	1	1	1	1	1	0.0	0.0	0.0
windows.pstree.PsTree	11.75	pass1	2	0.0690	0.0695	0.3053	84	0	129	0.0100	0.0102	0.0214	62	0	129	0.0095	0.0100	0.0232	62	0	129	0.5605	0.5677	0.7981	339	0	129	0.0966	0.0997	0.3183	208	0	129	1.4436	1.4485	1.4431	107	0	129	1	1	1	1	1	1	0.0	0.0	0.0
windows.registry.amcache.Amcache	11.75	pass1	2	0.0645	0.0662	0.2816	42	0	3	0.0032	0.0036	0.0031	19	0	3	0.0027	0.0035	0.0026	19	0	3	0.5695	0.5742	0.8204	278	0	3	0.0862	0.0881	0.3297	160	0	3	1.0354	1.0627	1.0349	102	0	3	1	1	1	1	1	1	0.0	0.0	0.0
windows.registry.cachedump.Cachedump	10.89	pass1	2	0.0644	0.0656	0.2896	43	0	3	0.0062	0.0063	0.0060	19	0	3	0.0056	0.0065	0.0055	19	0	3	0.5634	0.5715	0.7802	300	0	3	0.0970	0.0981	0.3448	165	0	3	1.9462	2.0562	1.9454	105	0	3	1	1	1	1	1	1	0.0	0.0	0.0
windows.registry.certificates.Certificates	10.10	pass1	2	0.0669	0.0672	0.2995	51	0	38	0.0092	0.0093	0.0091	32	0	38	0.0086	0.0092	0.0085	32	0	38	0.6374	0.6570	0.8657	312	0	38	0.1730	0.1754	0.4344	173	0	38	4.2828	4.3854	4.2798	109	0	38	1	1	1	1	1	1	0.0	0.0	0.0
windows.registry.getcellroutine.GetCellRoutine	9.37	pass1	2	0.0663	0.0667	0.3000	43	0	3	0.0063	0.0066	0.0060	19	0	3	0.0062	0.0063	0.0061	19	0	3	0.6946	0.7105	0.9222	289	0	3	0.2271	0.2306	0.4288	150	0	3	1.3557	1.3847	1.3552	111	0	3	1	1	1	1	1	1	0.0	0.0	0.0
windows.registry.hashdump.Hashdump	8.70	pass1	2	0.0650	0.0656	0.2869	43	0	3	0.0061	0.0063	0.0060	19	0	3	0.0062	0.0063	0.0061	19	0	3	0.5720	0.5822	0.8279	298	1	0	0.0943	0.0974	0.3233	164	1	0	2.0736	2.0858	2.0716	105	0	3	1	1	1	0	0	1	0.0	0.0	0.0
windows.registry.hivelist.HiveList	8.08	pass1	2	0.0632	0.0634	0.2816	43	0	25	0.0032	0.0038	0.0031	19	0	25	0.0035	0.0036	0.0033	19	0	25	0.5573	0.5658	0.7919	290	0	25	0.0833	0.0852	0.3259	151	0	25	0.9823	1.0255	0.9815	103	0	25	1	1	1	1	1	1	0.0	0.0	0.0
windows.registry.hivescan.HiveScan	8.08	pass1	2	0.0645	0.0657	0.2954	42	0	25	0.0037	0.0039	0.0036	19	0	25	0.0032	0.0038	0.0030	19	0	25	0.5821	0.5983	0.8389	281	0	25	0.1157	0.1183	0.3070	148	0	25	3.2849	3.3090	3.2821	102	0	25	1	1	1	1	1	1	0.0	0.0	0.0
windows.registry.lsadump.Lsadump	7.51	pass1	2	0.0652	0.0657	0.2990	43	0	15	0.0062	0.0065	0.0061	19	0	15	0.0057	0.0063	0.0056	19	0	15	0.5736	0.5770	0.8296	286	0	3	0.0937	0.0986	0.3280	165	0	3	2.2112	2.2280	2.2092	105	0	15	1	1	1	0	0	1	0.0	0.0	0.0
windows.registry.printkey.PrintKey	6.99	pass1	2	0.0661	0.0676	0.3053	44	0	494	0.0085	0.0092	0.0120	24	0	494	0.0080	0.0086	0.0119	25	0	494	0.5919	0.5942	0.7925	304	0	494	0.1201	0.1204	0.3368	165	0	494	2.3771	2.4851	2.3725	108	0	494	1	1	1	1	1	1	0.0	0.0	0.0
windows.registry.scheduled_tasks.ScheduledTasks	6.51	pass1	2	0.0661	0.0676	0.3012	46	0	236	0.0066	0.0070	0.0065	25	0	236	0.0062	0.0069	0.0061	25	0	236	0.6376	0.6481	0.8456	306	0	236	0.1641	0.1667	0.4010	167	0	236	6.1429	6.1980	6.1387	109	0	236	1	1	1	1	1	1	0.0	0.0	0.0
windows.registry.userassist.UserAssist	6.07	pass1	2	0.0661	0.0670	0.2911	43	0	384	0.0049	0.0049	0.0047	19	0	384	0.0040	0.0048	0.0039	19	0	384	0.5905	0.5941	0.7841	301	0	384	0.1108	0.1116	0.3476	165	0	384	1.8529	1.9291	1.8512	104	0	384	1	1	1	1	1	1	0.0	0.0	0.0
windows.scheduled_tasks.ScheduledTasks	5.66	pass1	2	0.0663	0.0678	0.2928	46	0	236	0.0067	0.0072	0.0065	25	0	236	0.0062	0.0070	0.0061	25	0	236	0.6450	0.6479	0.8538	310	0	236	0.1642	0.1656	0.3746	169	0	236	6.2379	6.2544	6.2299	109	0	236	1	1	1	1	1	1	0.0	0.0	0.0
windows.sessions.Sessions	5.29	pass1	2	0.0685	0.0697	0.3109	85	0	130	0.0098	0.0103	0.0266	64	0	130	0.0096	0.0099	0.0239	64	0	130	0.5635	0.5723	0.8162	339	0	130	0.0925	0.0992	0.3202	203	0	130	1.2632	1.2859	1.2625	105	0	130	1	1	1	1	1	1	0.0	0.0	0.0
windows.shimcachemem.ShimcacheMem	5.29	pass1	2	0.0643	0.0656	0.2994	43	0	356	0.0053	0.0055	0.0075	19	0	356	0.0052	0.0055	0.0074	19	0	356	0.5623	0.5683	0.8220	296	0	356	0.0932	0.0967	0.3359	163	0	356	1.6316	1.6853	1.6308	108	0	356	1	1	1	1	1	1	0.0	0.0	0.0
windows.ssdt.SSDT	4.95	pass1	2	0.0624	0.0662	0.2819	43	0	955	0.0063	0.0064	0.0061	19	0	955	0.0062	0.0064	0.0061	19	0	955	0.5699	0.5725	0.7685	290	0	955	0.0974	0.1010	0.3235	150	0	955	1.1702	1.2045	1.1697	103	0	955	1	1	1	1	1	1	0.0	0.0	0.0
windows.suspended_threads.SuspendedThreads	4.63	pass1	2	0.1072	0.1081	0.5339	207	0	3	0.0385	0.0388	0.1443	181	0	3	0.0425	0.0434	0.1743	180	0	3	0.5743	0.5895	0.7918	346	0	3	0.1031	0.1111	0.3296	210	0	3	19.4442	19.6596	19.4348	204	0	3	1	1	1	1	1	1	0.0	0.0	0.0
windows.symlinkscan.SymlinkScan	4.34	pass1	2	0.1327	0.1376	1.3229	186	0	236	0.0762	0.0773	1.0720	157	0	236	0.0065	0.0069	0.0081	31	0	236	2.6339	2.6605	34.4824	2256	0	236	2.1800	2.2730	34.2626	2233	0	236	13.1329	13.2128	13.1260	122	0	236	1	1	1	1	1	1	0.0	0.0	0.0
windows.thrdscan.ThrdScan	6.67	pass1	2	0.1447	0.1487	1.4133	306	0	1276	0.0923	0.0973	1.1522	274	0	1276	0.0254	0.0261	0.1149	170	0	1276	2.8277	2.9739	33.8506	2248	0	1276	2.3472	2.4306	33.6838	2300	0	1276	34.6032	34.7963	34.5869	262	0	1276	1	1	1	1	1	1	0.0	0.0	0.0
windows.threads.Threads	8.44	pass1	2	0.0776	0.0803	0.3879	139	0	1254	0.0209	0.0217	0.0916	116	0	1254	0.0207	0.0215	0.0941	117	0	1254	0.7388	0.7454	0.9890	384	0	1254	0.2633	0.2665	0.5039	253	0	1254	18.6732	18.9187	18.6636	244	0	1254	1	1	1	1	1	1	0.0	0.0	0.0
windows.timers.Timers	7.84	pass1	2	0.0651	0.0674	0.2983	43	0	88	0.0081	0.0082	0.0080	21	0	88	0.0077	0.0082	0.0075	21	0	88	0.5635	0.5868	0.7810	296	0	88	0.1003	0.1025	0.3332	158	0	88	1.6315	1.7770	1.6308	111	0	88	1	1	1	1	1	1	0.0	0.0	0.0
windows.truecrypt.Passphrase	7.30	pass1	2	0.0641	0.0647	0.2807	43	0	3	0.0032	0.0033	0.0030	19	0	3	0.0026	0.0033	0.0025	19	0	3	0.5490	0.5678	0.7647	288	0	3	0.0851	0.0870	0.3289	149	0	3	0.7915	0.8463	0.7912	99	0	3	1	1	1	1	1	1	0.0	0.0	0.0
windows.unloadedmodules.UnloadedModules	6.79	pass1	2	0.0642	0.0647	0.2876	42	0	10	0.0024	0.0028	0.0023	19	0	10	0.0027	0.0030	0.0026	19	0	10	0.5491	0.5586	0.8163	283	0	10	0.0825	0.0857	0.3332	146	0	10	0.7757	0.7855	0.7744	99	0	10	1	1	1	1	1	1	0.0	0.0	0.0
windows.vadinfo.VadInfo	6.79	pass1	2	0.0887	0.0904	0.4635	140	0	14141	0.0314	0.0318	0.1679	116	0	14141	0.0334	0.0341	0.1816	116	0	14141	0.9194	0.9391	1.1315	379	0	14141	0.4563	0.4613	0.6717	243	0	14141	105.3957	105.6695	105.3283	559	0	14141	1	1	1	1	1	1	0.0	0.0	0.0
windows.vadwalk.VadWalk	5.90	pass1	2	0.0786	0.0792	0.3947	70	0	14141	0.0205	0.0207	0.1051	46	0	14141	0.0209	0.0213	0.1022	46	0	14141	0.7912	0.8000	1.0007	312	0	14141	0.3164	0.3209	0.5759	180	0	14141	19.8914	20.7633	19.8806	358	0	14141	1	1	1	1	1	1	0.0	0.0	0.0
windows.verinfo.VerInfo	5.51	pass1	2	0.1071	0.1090	0.5182	503	0	5632	0.0486	0.0494	0.2247	477	0	5632	0.0495	0.0511	0.2450	476	0	5632	0.7517	0.7799	1.0075	776	0	5632	0.2822	0.2874	0.5092	671	0	5632	49.5907	49.8344	49.5687	284	0	5632	1	1	1	1	1	1	0.0	0.0	0.0
windows.virtmap.VirtMap	4.81	pass1	2	0.0628	0.0641	0.2763	43	0	17	0.0025	0.0028	0.0023	19	0	17	0.0020	0.0021	0.0018	19	0	17	0.5516	0.5638	0.7563	270	0	17	0.0825	0.0841	0.3014	144	0	17	0.7203	0.7852	0.7191	99	0	17	1	1	1	1	1	1	0.0	0.0	0.0
windows.windows.Windows	4.81	fresh	2	0.1458	0.1465	1.3198	276	0	561	0.0844	0.0852	1.0745	245	0	561	0.0216	0.0218	0.0446	131	0	561	2.7463	2.7609	34.3233	2238	0	584	2.2842	2.3210	33.8030	2233	0	584	17.9507	17.9901	17.9404	146	0	561	0	0	0	0	0	1	0.0	0.0	0.0
windows.windowstations.WindowStations	4.07	pass1	2	0.1407	0.1463	1.3415	261	0	11	0.0810	0.0845	1.0754	232	0	11	0.0173	0.0173	0.0420	118	0	11	2.6729	2.8694	32.9781	2242	0	14	2.3217	2.3918	34.5590	2208	0	14	17.1376	17.1989	17.1274	131	0	11	1	1	1	0	0	1	0.0	0.0	0.0
windows.statistics.Statistics	8.77	pass1	1	0.0844	0.0855	0.3222	116	0	4	0.0256	0.0260	0.0254	93	0	4	0.0255	0.0259	0.0254	93	0	4	71.6758	72.2254	71.9866	294	0	4	70.0603	70.3173	70.4484	195	0	4	1686.7641	1686.7641	1686.4512	111	0	4	1	1	1	1	1	1	0.0	0.0	0.0
timeliner.Timeliner	1.00	pass1	1	1.5972	1.6352	22.4056	2133	0	2842935	1.3114	1.3423	13.6502	2057	0	2842935	0.9141	0.9799	4.4473	2008	0	2842935	19.3068	19.5233	188.0295	7955	0	1278459	18.6464	19.3671	184.3767	7883	0	1278459	1468.6958	1468.6958	1468.2528	3551	0	3460648	0	0	0	0	0	1	0.0	0.0	0.0
