plugin	ours_ms	volrs_ms	speedup
banners.Banners	159	383	2.41
frameworkinfo.FrameworkInfo	2	2	1.0
isfinfo.IsfInfo	2	3	1.5
timeliner.Timeliner	181	7464	41.24
vmscan.Vmscan	94	3	0.03
windows.amcache.Amcache	2	54	27.0
windows.bigpools.BigPools	6	75	12.5
windows.cachedump.Cachedump	4	62	15.5
windows.callbacks.Callbacks	45	1104	24.53
windows.cmdline.CmdLine	3	55	18.33
windows.cmdscan.CmdScan	7	178	25.43
windows.consoles.Consoles	6	178	29.67
windows.debugregisters.DebugRegisters	8	55	6.88
windows.deskscan.DeskScan	46	883	19.2
windows.desktops.Desktops	47	949	20.19
windows.devicetree.DeviceTree	45	903	20.07
windows.dlllist.DllList	6	115	19.17
windows.driverirp.DriverIrp	46	938	20.39
windows.drivermodule.DriverModule	46	963	20.93
windows.driverscan.DriverScan	49	950	19.39
windows.envars.Envars	4	56	14.0
windows.filescan.FileScan	53	1024	19.32
windows.getservicesids.GetServiceSIDs	3	75	25.0
windows.getsids.GetSIDs	5	70	14.0
windows.handles.Handles	32	335	10.47
windows.hashdump.Hashdump	3	60	20.0
windows.info.Info	3	48	16.0
windows.joblinks.JobLinks	3	62	20.67
windows.kpcrs.KPCRs	2	53	26.5
windows.lsadump.Lsadump	4	61	15.25
windows.malware.drivermodule.DriverModule	48	984	20.5
windows.modscan.ModScan	43	933	21.7
windows.modules.Modules	3	54	18.0
windows.mutantscan.MutantScan	45	898	19.96
windows.netscan.NetScan	47	898	19.11
windows.netstat.NetStat	4	289	72.25
windows.orphan_kernel_threads.Threads	45	906	20.13
windows.poolscanner.PoolScanner	53	1287	24.28
windows.privileges.Privs	4	51	12.75
windows.pslist.PsList	3	52	17.33
windows.psscan.PsScan	47	961	20.45
windows.pstree.PsTree	3	55	18.33
windows.registry.amcache.Amcache	2	52	26.0
windows.registry.cachedump.Cachedump	4	59	14.75
windows.registry.certificates.Certificates	6	100	16.67
windows.registry.getcellroutine.GetCellRoutine	4	152	38.0
windows.registry.hashdump.Hashdump	4	56	14.0
windows.registry.hivelist.HiveList	2	48	24.0
windows.registry.hivescan.HiveScan	3	65	21.67
windows.registry.lsadump.Lsadump	4	60	15.0
windows.registry.printkey.PrintKey	4	71	17.75
windows.registry.scheduled_tasks.ScheduledTasks	5	98	19.6
windows.registry.userassist.UserAssist	3	66	22.0
windows.scheduled_tasks.ScheduledTasks	5	99	19.8
windows.sessions.Sessions	3	59	19.67
windows.shimcachemem.ShimcacheMem	4	58	14.5
windows.ssdt.SSDT	4	56	14.0
windows.statistics.Statistics	17	41066	2415.65
windows.suspended_threads.SuspendedThreads	8	59	7.38
windows.symlinkscan.SymlinkScan	41	911	22.22
windows.thrdscan.ThrdScan	49	1047	21.37
windows.threads.Threads	7	142	20.29
windows.timers.Timers	4	54	13.5
windows.unloadedmodules.UnloadedModules	2	48	24.0
windows.vadinfo.VadInfo	10	233	23.3
windows.vadwalk.VadWalk	9	159	17.67
windows.virtmap.VirtMap	2	45	22.5
windows.windows.Windows	47	947	20.15
windows.windowstations.WindowStations	46	932	20.26
