# generated by bench/scripts/py_plugin_reqs.py from python volatility3 2.28.2; do not edit
# plugin	name	kind	optional	default	extra	description
banners.Banners	primary	Layer	0	null	;	"Memory layer to scan"
banners.Banners	regex_scanner	Version	0	false		"Version 1.0.0 dependency on volatility3.framework.layers.scanners.RegExScanner unmet"
banners.Banners	pdb_signature_scanner	Version	0	false		"Version 1.0.0 dependency on volatility3.framework.symbols.windows.pdbutil.PdbSignatureScanner unmet"
configwriter.ConfigWriter	primary	Layer	0	null	Intel32,Intel64;	"Memory layer for the kernel"
configwriter.ConfigWriter	extra	Bool	1	false		"Outputs whole configuration tree"
frameworkinfo.FrameworkInfo		None	1	null		null
isfinfo.IsfInfo	filter	List	1	[]	str	"String that must be present in the file URI to display the ISF"
isfinfo.IsfInfo	isf	URI	1	null		"Specific ISF file to process"
isfinfo.IsfInfo	validate	Bool	1	false		"Validate against schema if possible"
isfinfo.IsfInfo	SQLiteCache	Version	0	false		"Version 1.0.0 dependency on volatility3.framework.automagic.symbol_cache.SqliteCache unmet"
isfinfo.IsfInfo	live	Bool	1	false		"Traverse all files, rather than use the cache"
layerwriter.LayerWriter	primary	Layer	0	null	;	"Memory layer for the kernel"
layerwriter.LayerWriter	block_size	Int	1	5242880		"Size of blocks to copy over"
layerwriter.LayerWriter	list	Bool	1	false		"List available layers"
layerwriter.LayerWriter	layers	List	1	null	str	"Names of layers to write (defaults to the highest non-mapped layer)"
linux.bash.Bash	kernel	Module	0	false	Intel32,Intel64	"Linux kernel"
linux.bash.Bash	pslist	Version	0	false		"Version 4.0.0 dependency on volatility3.plugins.linux.pslist.PsList unmet"
linux.bash.Bash	timeliner	Version	0	false		"Version 1.0.0 dependency on volatility3.plugins.timeliner.TimeLinerInterface unmet"
linux.bash.Bash	multi_string_scanner	Version	0	false		"Version 1.0.0 dependency on volatility3.framework.layers.scanners.MultiStringScanner unmet"
linux.bash.Bash	bytes_scanner	Version	0	false		"Version 1.0.0 dependency on volatility3.framework.layers.scanners.BytesScanner unmet"
linux.bash.Bash	pid	List	1	null	int	"Process IDs to include (all other processes are excluded)"
linux.boottime.Boottime	kernel	Module	0	false	Intel32,Intel64	"Linux kernel"
linux.boottime.Boottime	timeliner	Version	0	false		"Version 1.0.0 dependency on volatility3.plugins.timeliner.TimeLinerInterface unmet"
linux.boottime.Boottime	pslist	Version	0	false		"Version 4.0.0 dependency on volatility3.plugins.linux.pslist.PsList unmet"
linux.capabilities.Capabilities	kernel	Module	0	false	Intel32,Intel64	"Linux kernel"
linux.capabilities.Capabilities	pslist	Version	0	false		"Version 4.0.0 dependency on volatility3.plugins.linux.pslist.PsList unmet"
linux.capabilities.Capabilities	pids	List	1	null	int	"Filter on specific process IDs."
linux.check_afinfo.Check_afinfo	kernel	Module	0	false	Intel32,Intel64	"Linux kernel"
linux.check_creds.Check_creds	kernel	Module	0	false	Intel32,Intel64	"Linux kernel"
linux.check_creds.Check_creds	pslist	Version	0	false		"Version 4.0.0 dependency on volatility3.plugins.linux.pslist.PsList unmet"
linux.check_idt.Check_idt	kernel	Module	0	false	Intel32,Intel64	"Linux kernel"
linux.check_idt.Check_idt	linux_utilities_modules	Version	0	false		"Version 3.0.0 dependency on volatility3.framework.symbols.linux.utilities.modules.Modules unmet"
linux.check_idt.Check_idt	linux_utilities_module_gatherers	Version	0	false		"Version 1.0.0 dependency on volatility3.framework.symbols.linux.utilities.modules.ModuleGatherers unmet"
linux.check_idt.Check_idt	linuxutils	Version	0	false		"Version 2.0.0 dependency on volatility3.framework.symbols.linux.LinuxUtilities unmet"
linux.check_modules.Check_modules	kernel	Module	0	false	Intel32,Intel64	"Linux kernel"
linux.check_modules.Check_modules	modules	Version	0	false		"Version 3.0.1 dependency on volatility3.framework.symbols.linux.utilities.modules.Modules unmet"
linux.check_modules.Check_modules	linux_utilities_modules_module_display_plugin	Version	0	false		"Version 2.0.0 dependency on volatility3.framework.symbols.linux.utilities.modules.ModuleDisplayPlugin unmet"
linux.check_modules.Check_modules	dump	Bool	1	false		"Extract listed modules"
linux.check_syscall.Check_syscall	kernel	Module	0	false	Intel32,Intel64	"Linux kernel"
linux.ebpf.EBPF	kernel	Module	0	false	Intel32,Intel64	"Linux kernel"
linux.elfs.Elfs	kernel	Module	0	false	Intel32,Intel64	"Linux kernel"
linux.elfs.Elfs	pslist	Version	0	false		"Version 4.0.0 dependency on volatility3.plugins.linux.pslist.PsList unmet"
linux.elfs.Elfs	pid	List	1	null	int	"Filter on specific process IDs"
linux.elfs.Elfs	dump	Bool	1	false		"Extract listed processes"
linux.envars.Envars	kernel	Module	0	false	Intel32,Intel64	"Linux kernel"
linux.envars.Envars	pslist	Version	0	false		"Version 4.0.0 dependency on volatility3.plugins.linux.pslist.PsList unmet"
linux.envars.Envars	pid	List	1	null	int	"Filter on specific process IDs"
linux.graphics.fbdev.Fbdev	kernel	Module	0	false	Intel32,Intel64	"Linux kernel"
linux.graphics.fbdev.Fbdev	linuxutils	Version	0	false		"Version 2.2.0 dependency on volatility3.framework.symbols.linux.LinuxUtilities unmet"
linux.graphics.fbdev.Fbdev	dump	Bool	1	false		"Dump framebuffers"
linux.hidden_modules.Hidden_modules	kernel	Module	0	false	Intel32,Intel64	"Linux kernel"
linux.hidden_modules.Hidden_modules	linux_utilities_modules_module_display_plugin	Version	0	false		"Version 2.0.0 dependency on volatility3.framework.symbols.linux.utilities.modules.ModuleDisplayPlugin unmet"
linux.hidden_modules.Hidden_modules	linux_utilities_modules	Version	0	false		"Version 3.0.1 dependency on volatility3.framework.symbols.linux.utilities.modules.Modules unmet"
linux.hidden_modules.Hidden_modules	dump	Bool	1	false		"Extract listed modules"
linux.iomem.IOMem	kernel	Module	0	false	Intel32,Intel64	"Linux kernel"
linux.ip.Addr	kernel	Module	0	false	Intel32,Intel64	"Linux kernel"
linux.ip.Addr	Net	Version	0	false		"Version 1.0.0 dependency on volatility3.framework.symbols.linux.network.NetSymbols unmet"
linux.ip.Link	kernel	Module	0	false	Intel32,Intel64	"Linux kernel"
linux.ip.Link	Net	Version	0	false		"Version 1.0.0 dependency on volatility3.framework.symbols.linux.network.NetSymbols unmet"
linux.kallsyms.Kallsyms	kernel	Module	0	false	Intel32,Intel64	"Linux kernel"
linux.kallsyms.Kallsyms	Kallsyms	Version	0	false		"Version 1.0.0 dependency on volatility3.framework.symbols.linux.kallsyms.Kallsyms unmet"
linux.kallsyms.Kallsyms	core	Bool	1	false		"Include core symbols"
linux.kallsyms.Kallsyms	modules	Bool	1	false		"Include module symbols"
linux.kallsyms.Kallsyms	ftrace	Bool	1	false		"Include ftrace symbols"
linux.kallsyms.Kallsyms	bpf	Bool	1	false		"Include BPF symbols"
linux.keyboard_notifiers.Keyboard_notifiers	kernel	Module	0	false	Intel32,Intel64	"Linux kernel"
linux.keyboard_notifiers.Keyboard_notifiers	linux_utilities_modules	Version	0	false		"Version 3.0.0 dependency on volatility3.framework.symbols.linux.utilities.modules.Modules unmet"
linux.keyboard_notifiers.Keyboard_notifiers	linux_utilities_module_gatherers	Version	0	false		"Version 1.0.0 dependency on volatility3.framework.symbols.linux.utilities.modules.ModuleGatherers unmet"
linux.keyboard_notifiers.Keyboard_notifiers	linuxutils	Version	0	false		"Version 2.0.0 dependency on volatility3.framework.symbols.linux.LinuxUtilities unmet"
linux.kmsg.Kmsg	kernel	Module	0	false	Intel32,Intel64	"Linux kernel"
linux.kthreads.Kthreads	kernel	Module	0	false	Intel32,Intel64	"Linux kernel"
linux.kthreads.Kthreads	linux_utilities_modules	Version	0	false		"Version 3.0.0 dependency on volatility3.framework.symbols.linux.utilities.modules.Modules unmet"
linux.kthreads.Kthreads	linux_utilities_module_gatherers	Version	0	false		"Version 1.0.0 dependency on volatility3.framework.symbols.linux.utilities.modules.ModuleGatherers unmet"
linux.kthreads.Kthreads	linuxutils	Version	0	false		"Version 2.1.0 dependency on volatility3.framework.symbols.linux.LinuxUtilities unmet"
linux.kthreads.Kthreads	pslist	Version	0	false		"Version 4.0.0 dependency on volatility3.plugins.linux.pslist.PsList unmet"
linux.library_list.LibraryList	kernel	Module	0	false	Intel32,Intel64	"Linux kernel"
linux.library_list.LibraryList	pslist	Version	0	false		"Version 4.0.0 dependency on volatility3.plugins.linux.pslist.PsList unmet"
linux.library_list.LibraryList	pids	List	1	null	int	"Filter on specific process IDs"
linux.lsmod.Lsmod	kernel	Module	0	false	Intel32,Intel64	"Linux kernel"
linux.lsmod.Lsmod	linux_utilities_modules	Version	0	false		"Version 3.0.0 dependency on volatility3.framework.symbols.linux.utilities.modules.Modules unmet"
linux.lsmod.Lsmod	linux_utilities_modules_module_display_plugin	Version	0	false		"Version 2.0.0 dependency on volatility3.framework.symbols.linux.utilities.modules.ModuleDisplayPlugin unmet"
linux.lsmod.Lsmod	dump	Bool	1	false		"Extract listed modules"
linux.lsof.Lsof	kernel	Module	0	false	Intel32,Intel64	"Linux kernel"
linux.lsof.Lsof	pslist	Version	0	false		"Version 4.0.0 dependency on volatility3.plugins.linux.pslist.PsList unmet"
linux.lsof.Lsof	timeliner	Version	0	false		"Version 1.0.0 dependency on volatility3.plugins.timeliner.TimeLinerInterface unmet"
linux.lsof.Lsof	linuxutils	Version	0	false		"Version 2.0.0 dependency on volatility3.framework.symbols.linux.LinuxUtilities unmet"
linux.lsof.Lsof	pid	List	1	null	int	"Filter on specific process IDs"
linux.lsof.Lsof	files_only	Bool	1	false		"Include only file descriptors of type file"
linux.malfind.Malfind	kernel	Module	0	false	Intel32,Intel64	"Linux kernel"
linux.malfind.Malfind	pslist	Version	0	false		"Version 4.0.0 dependency on volatility3.plugins.linux.pslist.PsList unmet"
linux.malfind.Malfind	proc	Version	0	false		"Version 1.0.3 dependency on volatility3.plugins.linux.proc.Maps unmet"
linux.malfind.Malfind	pid	List	1	null	int	"Filter on specific process IDs"
linux.malfind.Malfind	hexdump-size	Int	1	64		"Amount of bytes to show for each region/page found - Default 64 bytes"
linux.malfind.Malfind	show-all-dirty-pages	Bool	1	false		"Show all dirty pages in a VMA if at least one dirty page is found - Default off"
linux.malfind.Malfind	dump-regions	Bool	1	false		"Dump each suspicious memory region in output. All dirty pages will be dumped if --show-all-dirty-pages is enabled."
linux.malfind.Malfind	dump-maxsize	Int	1	1073741824		"Maximum size for dumped memory regions (all the bigger regions will be ignored) - Default 1 GB"
linux.malware.check_afinfo.Check_afinfo	kernel	Module	0	false	Intel32,Intel64	"Linux kernel"
linux.malware.check_creds.Check_creds	kernel	Module	0	false	Intel32,Intel64	"Linux kernel"
linux.malware.check_creds.Check_creds	pslist	Version	0	false		"Version 4.0.0 dependency on volatility3.plugins.linux.pslist.PsList unmet"
linux.malware.check_idt.Check_idt	kernel	Module	0	false	Intel32,Intel64	"Linux kernel"
linux.malware.check_idt.Check_idt	linux_utilities_modules	Version	0	false		"Version 3.0.0 dependency on volatility3.framework.symbols.linux.utilities.modules.Modules unmet"
linux.malware.check_idt.Check_idt	linux_utilities_module_gatherers	Version	0	false		"Version 1.0.0 dependency on volatility3.framework.symbols.linux.utilities.modules.ModuleGatherers unmet"
linux.malware.check_idt.Check_idt	linuxutils	Version	0	false		"Version 2.0.0 dependency on volatility3.framework.symbols.linux.LinuxUtilities unmet"
linux.malware.check_modules.Check_modules	kernel	Module	0	false	Intel32,Intel64	"Linux kernel"
linux.malware.check_modules.Check_modules	modules	Version	0	false		"Version 3.0.1 dependency on volatility3.framework.symbols.linux.utilities.modules.Modules unmet"
linux.malware.check_modules.Check_modules	linux_utilities_modules_module_display_plugin	Version	0	false		"Version 2.0.0 dependency on volatility3.framework.symbols.linux.utilities.modules.ModuleDisplayPlugin unmet"
linux.malware.check_modules.Check_modules	dump	Bool	1	false		"Extract listed modules"
linux.malware.check_syscall.Check_syscall	kernel	Module	0	false	Intel32,Intel64	"Linux kernel"
linux.malware.hidden_modules.Hidden_modules	kernel	Module	0	false	Intel32,Intel64	"Linux kernel"
linux.malware.hidden_modules.Hidden_modules	linux_utilities_modules_module_display_plugin	Version	0	false		"Version 2.0.0 dependency on volatility3.framework.symbols.linux.utilities.modules.ModuleDisplayPlugin unmet"
linux.malware.hidden_modules.Hidden_modules	linux_utilities_modules	Version	0	false		"Version 3.0.1 dependency on volatility3.framework.symbols.linux.utilities.modules.Modules unmet"
linux.malware.hidden_modules.Hidden_modules	dump	Bool	1	false		"Extract listed modules"
linux.malware.keyboard_notifiers.Keyboard_notifiers	kernel	Module	0	false	Intel32,Intel64	"Linux kernel"
linux.malware.keyboard_notifiers.Keyboard_notifiers	linux_utilities_modules	Version	0	false		"Version 3.0.0 dependency on volatility3.framework.symbols.linux.utilities.modules.Modules unmet"
linux.malware.keyboard_notifiers.Keyboard_notifiers	linux_utilities_module_gatherers	Version	0	false		"Version 1.0.0 dependency on volatility3.framework.symbols.linux.utilities.modules.ModuleGatherers unmet"
linux.malware.keyboard_notifiers.Keyboard_notifiers	linuxutils	Version	0	false		"Version 2.0.0 dependency on volatility3.framework.symbols.linux.LinuxUtilities unmet"
linux.malware.malfind.Malfind	kernel	Module	0	false	Intel32,Intel64	"Linux kernel"
linux.malware.malfind.Malfind	pslist	Version	0	false		"Version 4.0.0 dependency on volatility3.plugins.linux.pslist.PsList unmet"
linux.malware.malfind.Malfind	proc	Version	0	false		"Version 1.0.3 dependency on volatility3.plugins.linux.proc.Maps unmet"
linux.malware.malfind.Malfind	pid	List	1	null	int	"Filter on specific process IDs"
linux.malware.malfind.Malfind	hexdump-size	Int	1	64		"Amount of bytes to show for each region/page found - Default 64 bytes"
linux.malware.malfind.Malfind	show-all-dirty-pages	Bool	1	false		"Show all dirty pages in a VMA if at least one dirty page is found - Default off"
linux.malware.malfind.Malfind	dump-regions	Bool	1	false		"Dump each suspicious memory region in output. All dirty pages will be dumped if --show-all-dirty-pages is enabled."
linux.malware.malfind.Malfind	dump-maxsize	Int	1	1073741824		"Maximum size for dumped memory regions (all the bigger regions will be ignored) - Default 1 GB"
linux.malware.modxview.Modxview	kernel	Module	0	false	Intel32,Intel64	"Linux kernel"
linux.malware.modxview.Modxview	linux_utilities_modules	Version	0	false		"Version 3.0.0 dependency on volatility3.framework.symbols.linux.utilities.modules.Modules unmet"
linux.malware.modxview.Modxview	linux_utilities_module_gatherer_lsmod	Version	0	false		"Version 1.0.0 dependency on volatility3.framework.symbols.linux.utilities.modules.ModuleGathererLsmod unmet"
linux.malware.modxview.Modxview	linux_utilities_module_gatherer_sysfs	Version	0	false		"Version 1.0.0 dependency on volatility3.framework.symbols.linux.utilities.modules.ModuleGathererSysFs unmet"
linux.malware.modxview.Modxview	linux_utilities_module_gatherer_scanner	Version	0	false		"Version 1.0.0 dependency on volatility3.framework.symbols.linux.utilities.modules.ModuleGathererScanner unmet"
linux.malware.modxview.Modxview	linux-tainting	Version	0	false		"Version 1.0.0 dependency on volatility3.framework.symbols.linux.utilities.tainting.Tainting unmet"
linux.malware.modxview.Modxview	plain_taints	Bool	1	false		"Display the plain taints string for each module."
linux.malware.netfilter.Netfilter	kernel	Module	0	false	Intel32,Intel64	"Linux kernel"
linux.malware.netfilter.Netfilter	linux_utilities_module_gatherers	Version	0	false		"Version 1.0.0 dependency on volatility3.framework.symbols.linux.utilities.modules.ModuleGatherers unmet"
linux.malware.netfilter.Netfilter	linuxnet	Version	0	false		"Version 1.0.0 dependency on volatility3.framework.symbols.linux.network.NetSymbols unmet"
linux.malware.process_spoofing.ProcessSpoofing	kernel	Module	0	false	Intel32,Intel64	"Linux kernel"
linux.malware.process_spoofing.ProcessSpoofing	pslist	Version	0	false		"Version 4.0.0 dependency on volatility3.plugins.linux.pslist.PsList unmet"
linux.malware.process_spoofing.ProcessSpoofing	linuxutils	Version	0	false		"Version 2.0.0 dependency on volatility3.framework.symbols.linux.LinuxUtilities unmet"
linux.malware.process_spoofing.ProcessSpoofing	pid	List	1	null	int	"Filter on specific process IDs"
linux.malware.tty_check.Tty_Check	kernel	Module	0	false	Intel32,Intel64	"Linux kernel"
linux.malware.tty_check.Tty_Check	linux_utilities_modules	Version	0	false		"Version 3.0.0 dependency on volatility3.framework.symbols.linux.utilities.modules.Modules unmet"
linux.malware.tty_check.Tty_Check	linux_utilities_module_gatherers	Version	0	false		"Version 1.0.0 dependency on volatility3.framework.symbols.linux.utilities.modules.ModuleGatherers unmet"
linux.malware.tty_check.Tty_Check	linuxutils	Version	0	false		"Version 2.0.0 dependency on volatility3.framework.symbols.linux.LinuxUtilities unmet"
linux.module_extract.ModuleExtract	kernel	Module	0	false	Intel32,Intel64	"Windows kernel"
linux.module_extract.ModuleExtract	base	Int	0	null		"Base virtual address to reconstruct an ELF file"
linux.module_extract.ModuleExtract	linux_utilities_modules_module_extract	Version	0	false		"Version 1.0.2 dependency on volatility3.framework.symbols.linux.utilities.modules.ModuleExtract unmet"
linux.modxview.Modxview	kernel	Module	0	false	Intel32,Intel64	"Linux kernel"
linux.modxview.Modxview	linux_utilities_modules	Version	0	false		"Version 3.0.0 dependency on volatility3.framework.symbols.linux.utilities.modules.Modules unmet"
linux.modxview.Modxview	linux_utilities_module_gatherer_lsmod	Version	0	false		"Version 1.0.0 dependency on volatility3.framework.symbols.linux.utilities.modules.ModuleGathererLsmod unmet"
linux.modxview.Modxview	linux_utilities_module_gatherer_sysfs	Version	0	false		"Version 1.0.0 dependency on volatility3.framework.symbols.linux.utilities.modules.ModuleGathererSysFs unmet"
linux.modxview.Modxview	linux_utilities_module_gatherer_scanner	Version	0	false		"Version 1.0.0 dependency on volatility3.framework.symbols.linux.utilities.modules.ModuleGathererScanner unmet"
linux.modxview.Modxview	linux-tainting	Version	0	false		"Version 1.0.0 dependency on volatility3.framework.symbols.linux.utilities.tainting.Tainting unmet"
linux.modxview.Modxview	plain_taints	Bool	1	false		"Display the plain taints string for each module."
linux.mountinfo.MountInfo	kernel	Module	0	false	Intel32,Intel64	"Linux kernel"
linux.mountinfo.MountInfo	pslist	Version	0	false		"Version 4.0.0 dependency on volatility3.plugins.linux.pslist.PsList unmet"
linux.mountinfo.MountInfo	linuxutils	Version	0	false		"Version 2.1.0 dependency on volatility3.framework.symbols.linux.LinuxUtilities unmet"
linux.mountinfo.MountInfo	pids	List	1	null	int	"Filter on specific process IDs."
linux.mountinfo.MountInfo	mntns	List	1	null	int	"Filter results by mount namespace. Otherwise, all of them are shown."
linux.mountinfo.MountInfo	mount-format	Bool	1	false		"Shows a brief summary of the mount points information with similar output format to the older /proc/[pid]/mounts or the user-land command 'mount -l'."
linux.netfilter.Netfilter	kernel	Module	0	false	Intel32,Intel64	"Linux kernel"
linux.netfilter.Netfilter	linux_utilities_module_gatherers	Version	0	false		"Version 1.0.0 dependency on volatility3.framework.symbols.linux.utilities.modules.ModuleGatherers unmet"
linux.netfilter.Netfilter	linuxnet	Version	0	false		"Version 1.0.0 dependency on volatility3.framework.symbols.linux.network.NetSymbols unmet"
linux.pagecache.Files	kernel	Module	0	false	Intel32,Intel64	"Linux kernel"
linux.pagecache.Files	mountinfo	Version	0	false		"Version 1.2.0 dependency on volatility3.plugins.linux.mountinfo.MountInfo unmet"
linux.pagecache.Files	timeliner	Version	0	false		"Version 1.0.0 dependency on volatility3.plugins.timeliner.TimeLinerInterface unmet"
linux.pagecache.Files	type	List	1	null	str	"List of space-separated file type filters i.e. --type REG DIR"
linux.pagecache.Files	find	String	1	null		"Filename (full path) to find"
linux.pagecache.InodePages	kernel	Module	0	false	Intel32,Intel64	"Linux kernel"
linux.pagecache.InodePages	files	Version	0	false		"Version 1.0.0 dependency on volatility3.plugins.linux.pagecache.Files unmet"
linux.pagecache.InodePages	find	String	1	null		"Filename (full path) to find "
linux.pagecache.InodePages	inode	Int	1	null		"Inode address"
linux.pagecache.InodePages	dump	Bool	1	false		"Extract inode content"
linux.pagecache.RecoverFs	kernel	Module	0	false	Intel32,Intel64	"Linux kernel"
linux.pagecache.RecoverFs	files	Version	0	false		"Version 1.1.0 dependency on volatility3.plugins.linux.pagecache.Files unmet"
linux.pagecache.RecoverFs	inodepages	Version	0	false		"Version 3.0.0 dependency on volatility3.plugins.linux.pagecache.InodePages unmet"
linux.pagecache.RecoverFs	tmpfs_only	Bool	1	false		"Extracts only files from tmpfs file systems"
linux.pagecache.RecoverFs	compression_format	Choice	1	"gz"	["gz", "bz2", "xz"]	"Compression format (default: gz)"
linux.pidhashtable.PIDHashTable	kernel	Module	0	false	Intel32,Intel64	"Linux kernel"
linux.pidhashtable.PIDHashTable	pslist	Version	0	false		"Version 4.0.0 dependency on volatility3.plugins.linux.pslist.PsList unmet"
linux.pidhashtable.PIDHashTable	linuxutils	Version	0	false		"Version 2.1.0 dependency on volatility3.framework.symbols.linux.LinuxUtilities unmet"
linux.pidhashtable.PIDHashTable	decorate_comm	Bool	1	false		"Show `user threads` comm in curly brackets, and `kernel threads` comm in square brackets"
linux.proc.Maps	kernel	Module	0	false	Intel32,Intel64	"Linux kernel"
linux.proc.Maps	pslist	Version	0	false		"Version 4.0.0 dependency on volatility3.plugins.linux.pslist.PsList unmet"
linux.proc.Maps	pid	List	1	null	int	"Filter on specific process IDs"
linux.proc.Maps	dump	Bool	1	false		"Extract listed memory segments"
linux.proc.Maps	address	List	1	null	int	"Process virtual memory addresses to include (all other VMA sections are excluded). This can be any virtual address within the VMA section."
linux.proc.Maps	maxsize	Int	1	1073741824		"Maximum size for dumped VMA sections (all the bigger sections will be ignored)"
linux.psaux.PsAux	kernel	Module	0	false	Intel32,Intel64	"Linux kernel"
linux.psaux.PsAux	pslist	Version	0	false		"Version 4.0.0 dependency on volatility3.plugins.linux.pslist.PsList unmet"
linux.psaux.PsAux	pid	List	1	null	int	"Filter on specific process IDs"
linux.pscallstack.PsCallStack	kernel	Module	0	false	Intel32,Intel64	"Linux kernel"
linux.pscallstack.PsCallStack	Kallsyms	Version	0	false		"Version 1.0.0 dependency on volatility3.framework.symbols.linux.kallsyms.Kallsyms unmet"
linux.pscallstack.PsCallStack	pslist	Version	0	false		"Version 4.0.0 dependency on volatility3.plugins.linux.pslist.PsList unmet"
linux.pscallstack.PsCallStack	pid	List	1	null	int	"Filter on specific process IDs"
linux.pscallstack.PsCallStack	unresolved	Bool	1	false		"Include unresolved stack values"
linux.pslist.PsList	kernel	Module	0	false	Intel32,Intel64	"Linux kernel"
linux.pslist.PsList	elfs	Version	0	false		"Version 2.0.0 dependency on volatility3.plugins.linux.elfs.Elfs unmet"
linux.pslist.PsList	pid	List	1	null	int	"Filter on specific process IDs"
linux.pslist.PsList	timeliner	Version	0	false		"Version 1.0.0 dependency on volatility3.plugins.timeliner.TimeLinerInterface unmet"
linux.pslist.PsList	threads	Bool	1	false		"Include user threads"
linux.pslist.PsList	decorate_comm	Bool	1	false		"Show `user threads` comm in curly brackets, and `kernel threads` comm in square brackets"
linux.pslist.PsList	dump	Bool	1	false		"Extract listed processes"
linux.psscan.PsScan	kernel	Module	0	false	Intel32,Intel64	"Linux kernel"
linux.psscan.PsScan	pslist	Version	0	false		"Version 4.0.0 dependency on volatility3.plugins.linux.pslist.PsList unmet"
linux.psscan.PsScan	multi_string_scanner	Version	0	false		"Version 1.0.0 dependency on volatility3.framework.layers.scanners.MultiStringScanner unmet"
linux.pstree.PsTree	kernel	Module	0	false	Intel32,Intel64	"Linux kernel"
linux.pstree.PsTree	pslist	Version	0	false		"Version 4.0.0 dependency on volatility3.plugins.linux.pslist.PsList unmet"
linux.pstree.PsTree	pid	List	1	null	int	"Filter on specific process IDs"
linux.pstree.PsTree	threads	Bool	1	false		"Include user threads"
linux.pstree.PsTree	decorate_comm	Bool	1	false		"Show `user threads` comm in curly brackets, and `kernel threads` comm in square brackets"
linux.ptrace.Ptrace	kernel	Module	0	false	Intel32,Intel64	"Linux kernel"
linux.ptrace.Ptrace	pslist	Version	0	false		"Version 4.0.0 dependency on volatility3.plugins.linux.pslist.PsList unmet"
linux.sockscan.Sockscan	kernel	Module	0	false	Intel32,Intel64	"Linux kernel"
linux.sockscan.Sockscan	SockHandlers	Version	0	false		"Version 4.0.0 dependency on volatility3.plugins.linux.sockstat.SockHandlers unmet"
linux.sockscan.Sockscan	lsof	Version	0	false		"Version 2.0.0 dependency on volatility3.plugins.linux.lsof.Lsof unmet"
linux.sockscan.Sockscan	pslist	Version	0	false		"Version 4.1.0 dependency on volatility3.plugins.linux.pslist.PsList unmet"
linux.sockscan.Sockscan	linuxutils	Version	0	false		"Version 2.1.0 dependency on volatility3.framework.symbols.linux.LinuxUtilities unmet"
linux.sockscan.Sockscan	linux_net	Version	0	false		"Version 1.0.0 dependency on volatility3.framework.symbols.linux.network.NetSymbols unmet"
linux.sockscan.Sockscan	multi_string_scanner	Version	0	false		"Version 1.0.0 dependency on volatility3.framework.layers.scanners.MultiStringScanner unmet"
linux.sockstat.Sockstat	kernel	Module	0	false	Intel32,Intel64	"Linux kernel"
linux.sockstat.Sockstat	SockHandlers	Version	0	false		"Version 4.0.0 dependency on volatility3.plugins.linux.sockstat.SockHandlers unmet"
linux.sockstat.Sockstat	lsof	Version	0	false		"Version 2.0.0 dependency on volatility3.plugins.linux.lsof.Lsof unmet"
linux.sockstat.Sockstat	pslist	Version	0	false		"Version 4.0.0 dependency on volatility3.plugins.linux.pslist.PsList unmet"
linux.sockstat.Sockstat	linuxutils	Version	0	false		"Version 2.0.0 dependency on volatility3.framework.symbols.linux.LinuxUtilities unmet"
linux.sockstat.Sockstat	linux_net	Version	0	false		"Version 1.0.0 dependency on volatility3.framework.symbols.linux.network.NetSymbols unmet"
linux.sockstat.Sockstat	pids	List	1	null	int	"Filter results by process IDs. It takes the root PID namespace identifiers."
linux.sockstat.Sockstat	netns	Int	1	null		"Filter results by network namespace. Otherwise, all of them are shown."
linux.tracing.ftrace.CheckFtrace	kernel	Module	0	false	Intel32,Intel64	"Linux kernel"
linux.tracing.ftrace.CheckFtrace	linux_utilities_modules	Version	0	false		"Version 3.0.0 dependency on volatility3.framework.symbols.linux.utilities.modules.Modules unmet"
linux.tracing.ftrace.CheckFtrace	linux_utilities_module_gatherers	Version	0	false		"Version 1.0.0 dependency on volatility3.framework.symbols.linux.utilities.modules.ModuleGatherers unmet"
linux.tracing.ftrace.CheckFtrace	show_ftrace_flags	Bool	1	false		"Show ftrace flags associated with an ftrace_ops struct"
linux.tracing.perf_events.PerfEvents	kernel	Module	0	false	Intel32,Intel64	"Linux kernel"
linux.tracing.perf_events.PerfEvents	pslist	Version	0	false		"Version 4.0.0 dependency on volatility3.plugins.linux.pslist.PsList unmet"
linux.tracing.tracepoints.CheckTracepoints	kernel	Module	0	false	Intel32,Intel64	"Linux kernel"
linux.tracing.tracepoints.CheckTracepoints	linux_utilities_modules	Version	0	false		"Version 3.0.0 dependency on volatility3.framework.symbols.linux.utilities.modules.Modules unmet"
linux.tracing.tracepoints.CheckTracepoints	linux_utilities_module_gatherers	Version	0	false		"Version 1.0.0 dependency on volatility3.framework.symbols.linux.utilities.modules.ModuleGatherers unmet"
linux.tty_check.tty_check	kernel	Module	0	false	Intel32,Intel64	"Linux kernel"
linux.tty_check.tty_check	linux_utilities_modules	Version	0	false		"Version 3.0.0 dependency on volatility3.framework.symbols.linux.utilities.modules.Modules unmet"
linux.tty_check.tty_check	linux_utilities_module_gatherers	Version	0	false		"Version 1.0.0 dependency on volatility3.framework.symbols.linux.utilities.modules.ModuleGatherers unmet"
linux.tty_check.tty_check	linuxutils	Version	0	false		"Version 2.0.0 dependency on volatility3.framework.symbols.linux.LinuxUtilities unmet"
linux.vmaregexscan.VmaRegExScan	kernel	Module	0	false	Intel32,Intel64	"Linux kernel"
linux.vmaregexscan.VmaRegExScan	pslist	Version	0	false		"Version 4.0.0 dependency on volatility3.plugins.linux.pslist.PsList unmet"
linux.vmaregexscan.VmaRegExScan	pid	List	1	null	int	"Filter on specific process IDs"
linux.vmaregexscan.VmaRegExScan	pattern	String	0	null		"RegEx pattern"
linux.vmaregexscan.VmaRegExScan	regex_scanner	Version	0	false		"Version 1.0.0 dependency on volatility3.framework.layers.scanners.RegExScanner unmet"
linux.vmaregexscan.VmaRegExScan	maxsize	Int	1	128		"Maximum size in bytes for displayed context"
linux.vmayarascan.VmaYaraScan	insensitive	Bool	1	false		"Makes the search case insensitive"
linux.vmayarascan.VmaYaraScan	wide	Bool	1	false		"Match wide (unicode) strings"
linux.vmayarascan.VmaYaraScan	yara_string	String	1	null		"Yara rules (as a string)"
linux.vmayarascan.VmaYaraScan	yara_file	URI	1	null		"Yara rules (as a file)"
linux.vmayarascan.VmaYaraScan	yara_compiled_file	URI	1	null		"Yara compiled rules (as a file)"
linux.vmayarascan.VmaYaraScan	max_size	Int	1	1073741824		"Set the maximum size (default is 1GB)"
linux.vmayarascan.VmaYaraScan	pid	List	1	null	int	"Process IDs to include (all other processes are excluded)"
linux.vmayarascan.VmaYaraScan	pslist	Version	0	false		"Version 4.0.0 dependency on volatility3.plugins.linux.pslist.PsList unmet"
linux.vmayarascan.VmaYaraScan	yarascan	Version	0	false		"Version 2.0.0 dependency on volatility3.plugins.yarascan.YaraScan unmet"
linux.vmayarascan.VmaYaraScan	yarascanner	Version	0	false		"Version 2.0.0 dependency on volatility3.plugins.yarascan.YaraScanner unmet"
linux.vmayarascan.VmaYaraScan	kernel	Module	0	false	Intel32,Intel64	"Linux kernel"
linux.vmcoreinfo.VMCoreInfo	primary	Layer	0	null	;	"Memory layer to scan"
linux.vmcoreinfo.VMCoreInfo	VMCoreInfo	Version	0	false		"Version 1.0.0 dependency on volatility3.framework.symbols.linux.VMCoreInfo unmet"
mac.bash.Bash	kernel	Module	0	false	Intel32,Intel64	"Kernel module for the OS"
mac.bash.Bash	pslist	Version	0	false		"Version 3.0.0 dependency on volatility3.plugins.mac.pslist.PsList unmet"
mac.bash.Bash	timeliner	Version	0	false		"Version 1.0.0 dependency on volatility3.plugins.timeliner.TimeLinerInterface unmet"
mac.bash.Bash	multi_string_scanner	Version	0	false		"Version 1.0.0 dependency on volatility3.framework.layers.scanners.MultiStringScanner unmet"
mac.bash.Bash	bytes_scanner	Version	0	false		"Version 1.0.0 dependency on volatility3.framework.layers.scanners.BytesScanner unmet"
mac.bash.Bash	pid	List	1	null	int	"Filter on specific process IDs"
mac.check_syscall.Check_syscall	kernel	Module	0	false	Intel32,Intel64	"Kernel module for the OS"
mac.check_syscall.Check_syscall	macutils	Version	0	false		"Version 1.0.0 dependency on volatility3.framework.symbols.mac.MacUtilities unmet"
mac.check_syscall.Check_syscall	lsmod	Version	0	false		"Version 2.0.0 dependency on volatility3.plugins.mac.lsmod.Lsmod unmet"
mac.check_sysctl.Check_sysctl	kernel	Module	0	false	Intel32,Intel64	"Kernel module for the OS"
mac.check_sysctl.Check_sysctl	macutils	Version	0	false		"Version 1.0.0 dependency on volatility3.framework.symbols.mac.MacUtilities unmet"
mac.check_sysctl.Check_sysctl	lsmod	Version	0	false		"Version 2.0.0 dependency on volatility3.plugins.mac.lsmod.Lsmod unmet"
mac.check_trap_table.Check_trap_table	kernel	Module	0	false	Intel32,Intel64	"Kernel module for the OS"
mac.check_trap_table.Check_trap_table	lsmod	Version	0	false		"Version 2.0.0 dependency on volatility3.plugins.mac.lsmod.Lsmod unmet"
mac.check_trap_table.Check_trap_table	macutils	Version	0	false		"Version 1.0.0 dependency on volatility3.framework.symbols.mac.MacUtilities unmet"
mac.dmesg.Dmesg	kernel	Module	0	false	Intel32,Intel64	"Kernel module for the OS"
mac.ifconfig.Ifconfig	kernel	Module	0	false	Intel32,Intel64	"Kernel module for the OS"
mac.ifconfig.Ifconfig	macutils	Version	0	false		"Version 1.0.0 dependency on volatility3.framework.symbols.mac.MacUtilities unmet"
mac.kauth_listeners.Kauth_listeners	kernel	Module	0	false	Intel32,Intel64	"Kernel module for the OS"
mac.kauth_listeners.Kauth_listeners	macutils	Version	0	false		"Version 1.1.0 dependency on volatility3.framework.symbols.mac.MacUtilities unmet"
mac.kauth_listeners.Kauth_listeners	lsmod	Version	0	false		"Version 2.0.0 dependency on volatility3.plugins.mac.lsmod.Lsmod unmet"
mac.kauth_listeners.Kauth_listeners	kauth_scopes	Version	0	false		"Version 2.0.0 dependency on volatility3.plugins.mac.kauth_scopes.Kauth_scopes unmet"
mac.kauth_scopes.Kauth_scopes	kernel	Module	0	false	Intel32,Intel64	"Kernel module for the OS"
mac.kauth_scopes.Kauth_scopes	macutils	Version	0	false		"Version 1.1.0 dependency on volatility3.framework.symbols.mac.MacUtilities unmet"
mac.kauth_scopes.Kauth_scopes	lsmod	Version	0	false		"Version 2.0.0 dependency on volatility3.plugins.mac.lsmod.Lsmod unmet"
mac.kevents.Kevents	kernel	Module	0	false	Intel32,Intel64	"Kernel module for the OS"
mac.kevents.Kevents	pslist	Version	0	false		"Version 3.0.0 dependency on volatility3.plugins.mac.pslist.PsList unmet"
mac.kevents.Kevents	macutils	Version	0	false		"Version 1.2.0 dependency on volatility3.framework.symbols.mac.MacUtilities unmet"
mac.kevents.Kevents	pid	List	1	null	int	"Filter on specific process IDs"
mac.list_files.List_Files	kernel	Module	0	false	Intel32,Intel64	"Kernel module for the OS"
mac.list_files.List_Files	mount	Version	0	false		"Version 2.0.0 dependency on volatility3.plugins.mac.mount.Mount unmet"
mac.list_files.List_Files	mac_utilities	Version	0	false		"Version 1.3.0 dependency on volatility3.framework.symbols.mac.MacUtilities unmet"
mac.lsmod.Lsmod	kernel	Module	0	false	Intel32,Intel64	"Kernel module for the OS"
mac.lsof.Lsof	kernel	Module	0	false	Intel32,Intel64	"Kernel module for the OS"
mac.lsof.Lsof	macutils	Version	0	false		"Version 1.0.0 dependency on volatility3.framework.symbols.mac.MacUtilities unmet"
mac.lsof.Lsof	pslist	Version	0	false		"Version 3.0.0 dependency on volatility3.plugins.mac.pslist.PsList unmet"
mac.lsof.Lsof	pid	List	1	null	int	"Filter on specific process IDs"
mac.malfind.Malfind	kernel	Module	0	false	Intel32,Intel64	"Kernel module for the OS"
mac.malfind.Malfind	pslist	Version	0	false		"Version 3.0.0 dependency on volatility3.plugins.mac.pslist.PsList unmet"
mac.malfind.Malfind	pid	List	1	null	int	"Filter on specific process IDs"
mac.mount.Mount	kernel	Module	0	false	Intel32,Intel64	"Kernel module for the OS"
mac.mount.Mount	macutils	Version	0	false		"Version 1.0.0 dependency on volatility3.framework.symbols.mac.MacUtilities unmet"
mac.netstat.Netstat	kernel	Module	0	false	Intel32,Intel64	"Kernel module for the OS"
mac.netstat.Netstat	pslist	Version	0	false		"Version 3.0.0 dependency on volatility3.plugins.mac.pslist.PsList unmet"
mac.netstat.Netstat	macutils	Version	0	false		"Version 1.0.0 dependency on volatility3.framework.symbols.mac.MacUtilities unmet"
mac.netstat.Netstat	pid	List	1	null	int	"Filter on specific process IDs"
mac.proc_maps.Maps	kernel	Module	0	false	Intel32,Intel64	"Kernel module for the OS"
mac.proc_maps.Maps	pslist	Version	0	false		"Version 3.0.0 dependency on volatility3.plugins.mac.pslist.PsList unmet"
mac.proc_maps.Maps	pid	List	1	null	int	"Filter on specific process IDs"
mac.proc_maps.Maps	dump	Bool	1	false		"Extract listed memory segments"
mac.proc_maps.Maps	address	List	1	null	int	"Process virtual memory addresses to include (all other VMA sections are excluded). This can be any virtual address within the VMA section. Virtual addresses must be separated by a space."
mac.proc_maps.Maps	maxsize	Int	1	1073741824		"Maximum size for dumped VMA sections (all the bigger sections will be ignored)"
mac.psaux.Psaux	kernel	Module	0	false	Intel32,Intel64	"Kernel module for the OS"
mac.psaux.Psaux	pslist	Version	0	false		"Version 3.0.0 dependency on volatility3.plugins.mac.pslist.PsList unmet"
mac.psaux.Psaux	pid	List	1	null	int	"Filter on specific process IDs"
mac.pslist.PsList	kernel	Module	0	false	Intel32,Intel64	"Kernel module for the OS"
mac.pslist.PsList	macutils	Version	0	false		"Version 1.1.0 dependency on volatility3.framework.symbols.mac.MacUtilities unmet"
mac.pslist.PsList	pslist_method	Choice	1	"tasks"	["tasks", "allproc", "process_group", "sessions", "pid_hash_table"]	"Method to determine for processes"
mac.pslist.PsList	pid	List	1	null	int	"Filter on specific process IDs"
mac.pstree.PsTree	kernel	Module	0	false	Intel32,Intel64	"Kernel module for the OS"
mac.pstree.PsTree	pslist	Version	0	false		"Version 3.0.0 dependency on volatility3.plugins.mac.pslist.PsList unmet"
mac.socket_filters.Socket_filters	kernel	Module	0	false	Intel32,Intel64	"Kernel module for the OS"
mac.socket_filters.Socket_filters	macutils	Version	0	false		"Version 1.0.0 dependency on volatility3.framework.symbols.mac.MacUtilities unmet"
mac.socket_filters.Socket_filters	lsmod	Version	0	false		"Version 2.0.0 dependency on volatility3.plugins.mac.lsmod.Lsmod unmet"
mac.timers.Timers	kernel	Module	0	false	Intel32,Intel64	"Kernel module for the OS"
mac.timers.Timers	macutils	Version	0	false		"Version 1.3.0 dependency on volatility3.framework.symbols.mac.MacUtilities unmet"
mac.timers.Timers	lsmod	Version	0	false		"Version 2.0.0 dependency on volatility3.plugins.mac.lsmod.Lsmod unmet"
mac.trustedbsd.Trustedbsd	kernel	Module	0	false	Intel32,Intel64	"Kernel module for the OS"
mac.trustedbsd.Trustedbsd	macutils	Version	0	false		"Version 1.3.0 dependency on volatility3.framework.symbols.mac.MacUtilities unmet"
mac.trustedbsd.Trustedbsd	lsmod	Version	0	false		"Version 2.0.0 dependency on volatility3.plugins.mac.lsmod.Lsmod unmet"
mac.vfsevents.VFSevents	kernel	Module	0	false	Intel32,Intel64	"Kernel module for the OS"
regexscan.RegExScan	primary	Layer	0	null	Intel32,Intel64;	"Memory layer for the kernel"
regexscan.RegExScan	pattern	String	0	null		"RegEx pattern"
regexscan.RegExScan	maxsize	Int	1	128		"Maximum size in bytes for displayed context"
regexscan.RegExScan	regex_scanner	Version	0	false		"Version 1.0.0 dependency on volatility3.framework.layers.scanners.RegExScanner unmet"
timeliner.Timeliner	record-config	Bool	1	false		"Whether to record the state of all the plugins once complete"
timeliner.Timeliner	plugin-filter	List	1	[]	str	"Only run plugins featuring this substring"
timeliner.Timeliner	create-bodyfile	Bool	1	false		"Whether to create a body file whilst producing results"
vmscan.Vmscan	primary	Layer	0	null	;	"Physical base memory layer"
vmscan.Vmscan	page_start_scanner	Version	0	false		"Version 1.0.0 dependency on volatility3.plugins.vmscan.PageStartScanner unmet"
vmscan.Vmscan	log-threshold	Int	1	2		"Number of criteria failed to log to debug output"
windows.amcache.Amcache	kernel	Module	0	false	Intel32,Intel64	"Windows kernel"
windows.amcache.Amcache	hivelist	Version	0	false		"Version 2.0.0 dependency on volatility3.plugins.windows.registry.hivelist.HiveList unmet"
windows.amcache.Amcache	timeliner	Version	0	false		"Version 1.0.0 dependency on volatility3.plugins.timeliner.TimeLinerInterface unmet"
windows.bigpools.BigPools	kernel	Module	0	false	Intel32,Intel64	"Windows kernel"
windows.bigpools.BigPools	tags	String	1	null		"Comma separated list of pool tags to filter pools returned"
windows.bigpools.BigPools	show-free	Bool	1	false		"Show freed regions (otherwise only show allocations in use)"
windows.cachedump.Cachedump	kernel	Module	0	false	Intel32,Intel64	"Windows kernel"
windows.cachedump.Cachedump	hivelist	Version	0	false		"Version 2.0.0 dependency on volatility3.plugins.windows.registry.hivelist.HiveList unmet"
windows.cachedump.Cachedump	lsadump	Version	0	false		"Version 1.0.0 dependency on volatility3.plugins.windows.registry.lsadump.Lsadump unmet"
windows.cachedump.Cachedump	hashdump	Version	0	false		"Version 1.1.0 dependency on volatility3.plugins.windows.registry.hashdump.Hashdump unmet"
windows.callbacks.Callbacks	kernel	Module	0	false	Intel32,Intel64	"Windows kernel"
windows.callbacks.Callbacks	ssdt	Version	0	false		"Version 2.0.0 dependency on volatility3.plugins.windows.ssdt.SSDT unmet"
windows.callbacks.Callbacks	poolscanner	Version	0	false		"Version 3.0.0 dependency on volatility3.plugins.windows.poolscanner.PoolScanner unmet"
windows.callbacks.Callbacks	driverirp	Version	0	false		"Version 1.0.0 dependency on volatility3.plugins.windows.driverirp.DriverIrp unmet"
windows.callbacks.Callbacks	handles	Version	0	false		"Version 4.0.0 dependency on volatility3.plugins.windows.handles.Handles unmet"
windows.cmdline.CmdLine	kernel	Module	0	false	Intel32,Intel64	"Windows kernel"
windows.cmdline.CmdLine	pslist	Version	0	false		"Version 3.0.0 dependency on volatility3.plugins.windows.pslist.PsList unmet"
windows.cmdline.CmdLine	pid	List	1	null	int	"Process IDs to include (all other processes are excluded)"
windows.cmdscan.CmdScan	kernel	Module	0	false	Intel32,Intel64	"Windows kernel"
windows.cmdscan.CmdScan	pslist	Version	0	false		"Version 3.0.0 dependency on volatility3.plugins.windows.pslist.PsList unmet"
windows.cmdscan.CmdScan	consoles	Version	0	false		"Version 3.0.0 dependency on volatility3.plugins.windows.consoles.Consoles unmet"
windows.cmdscan.CmdScan	bytes_scanner	Version	0	false		"Version 1.0.0 dependency on volatility3.framework.layers.scanners.BytesScanner unmet"
windows.cmdscan.CmdScan	no_registry	Bool	1	false		"Don't search the registry for possible values of CommandHistorySize"
windows.cmdscan.CmdScan	max_history	List	1	[50]	int	"CommandHistorySize values to search for."
windows.consoles.Consoles	kernel	Module	0	false	Intel32,Intel64	"Windows kernel"
windows.consoles.Consoles	pslist	Version	0	false		"Version 3.0.0 dependency on volatility3.plugins.windows.pslist.PsList unmet"
windows.consoles.Consoles	verinfo	Version	0	false		"Version 1.0.0 dependency on volatility3.plugins.windows.verinfo.VerInfo unmet"
windows.consoles.Consoles	info	Version	0	false		"Version 2.0.0 dependency on volatility3.plugins.windows.info.Info unmet"
windows.consoles.Consoles	hivelist	Version	0	false		"Version 2.0.0 dependency on volatility3.plugins.windows.registry.hivelist.HiveList unmet"
windows.consoles.Consoles	bytes_scanner	Version	0	false		"Version 1.0.0 dependency on volatility3.framework.layers.scanners.BytesScanner unmet"
windows.consoles.Consoles	no_registry	Bool	1	false		"Don't search the registry for possible values of CommandHistorySize and HistoryBufferMax"
windows.consoles.Consoles	max_history	List	1	[50]	int	"CommandHistorySize values to search for."
windows.consoles.Consoles	max_buffers	List	1	[4]	int	"HistoryBufferMax values to search for."
windows.crashinfo.Crashinfo	primary	Layer	0	null	Intel32,Intel64;	"Memory layer for the kernel"
windows.debugregisters.DebugRegisters	kernel	Module	0	false	Intel32,Intel64	"Windows kernel"
windows.debugregisters.DebugRegisters	pslist	Version	0	false		"Version 3.0.0 dependency on volatility3.plugins.windows.pslist.PsList unmet"
windows.debugregisters.DebugRegisters	threads	Version	0	false		"Version 3.0.0 dependency on volatility3.plugins.windows.threads.Threads unmet"
windows.debugregisters.DebugRegisters	pe_symbols	Version	0	false		"Version 3.0.0 dependency on volatility3.plugins.windows.pe_symbols.PESymbols unmet"
windows.deskscan.DeskScan	kernel	Module	0	false	Intel32,Intel64	"Windows kernel"
windows.deskscan.DeskScan	desktops	Version	0	false		"Version 1.0.0 dependency on volatility3.plugins.windows.desktops.Desktops unmet"
windows.deskscan.DeskScan	windowstations	Version	0	false		"Version 1.0.0 dependency on volatility3.plugins.windows.windowstations.WindowStations unmet"
windows.desktops.Desktops	kernel	Module	0	false	Intel32,Intel64	"Windows kernel"
windows.desktops.Desktops	windowstations	Version	0	false		"Version 1.0.0 dependency on volatility3.plugins.windows.windowstations.WindowStations unmet"
windows.devicetree.DeviceTree	kernel	Module	0	false	Intel32,Intel64	"Windows kernel"
windows.devicetree.DeviceTree	driverscan	Version	0	false		"Version 2.0.0 dependency on volatility3.plugins.windows.driverscan.DriverScan unmet"
windows.direct_system_calls.DirectSystemCalls	insensitive	Bool	1	false		"Makes the search case insensitive"
windows.direct_system_calls.DirectSystemCalls	wide	Bool	1	false		"Match wide (unicode) strings"
windows.direct_system_calls.DirectSystemCalls	yara_string	String	1	null		"Yara rules (as a string)"
windows.direct_system_calls.DirectSystemCalls	yara_file	URI	1	null		"Yara rules (as a file)"
windows.direct_system_calls.DirectSystemCalls	yara_compiled_file	URI	1	null		"Yara compiled rules (as a file)"
windows.direct_system_calls.DirectSystemCalls	max_size	Int	1	1073741824		"Set the maximum size (default is 1GB)"
windows.direct_system_calls.DirectSystemCalls	kernel	Module	0	false	Intel32,Intel64	"Windows kernel"
windows.direct_system_calls.DirectSystemCalls	pslist	Version	0	false		"Version 3.0.0 dependency on volatility3.plugins.windows.pslist.PsList unmet"
windows.direct_system_calls.DirectSystemCalls	yarascanner	Version	0	false		"Version 2.1.0 dependency on volatility3.plugins.yarascan.YaraScanner unmet"
windows.direct_system_calls.DirectSystemCalls	yarascan	Version	0	false		"Version 2.0.0 dependency on volatility3.plugins.yarascan.YaraScan unmet"
windows.dlllist.DllList	kernel	Module	0	false	Intel32,Intel64	"Windows kernel"
windows.dlllist.DllList	pslist	Version	0	false		"Version 3.0.0 dependency on volatility3.plugins.windows.pslist.PsList unmet"
windows.dlllist.DllList	timeliner	Version	0	false		"Version 1.0.0 dependency on volatility3.plugins.timeliner.TimeLinerInterface unmet"
windows.dlllist.DllList	psscan	Version	0	false		"Version 2.0.0 dependency on volatility3.plugins.windows.psscan.PsScan unmet"
windows.dlllist.DllList	pedump	Version	0	false		"Version 2.0.0 dependency on volatility3.plugins.windows.pedump.PEDump unmet"
windows.dlllist.DllList	info	Version	0	false		"Version 2.0.0 dependency on volatility3.plugins.windows.info.Info unmet"
windows.dlllist.DllList	pid	List	1	null	int	"Process IDs to include (all other processes are excluded)"
windows.dlllist.DllList	offset	Int	1	null		"Process offset in the physical address space"
windows.dlllist.DllList	base	Int	1	null		"Specify a base virtual address in process memory"
windows.dlllist.DllList	name	String	1	null		"Specify a regular expression to match dll name(s)"
windows.dlllist.DllList	ignore-case	Bool	1	false		"Specify case insensitivity for the regular expression name matching"
windows.dlllist.DllList	dump	Bool	1	false		"Extract listed DLLs"
windows.driverirp.DriverIrp	kernel	Module	0	false	Intel32,Intel64	"Windows kernel"
windows.driverirp.DriverIrp	ssdt	Version	0	false		"Version 2.0.0 dependency on volatility3.plugins.windows.ssdt.SSDT unmet"
windows.driverirp.DriverIrp	driverscan	Version	0	false		"Version 2.0.0 dependency on volatility3.plugins.windows.driverscan.DriverScan unmet"
windows.driverirp.DriverIrp	modules	Version	0	false		"Version 3.0.0 dependency on volatility3.plugins.windows.modules.Modules unmet"
windows.drivermodule.DriverModule	kernel	Module	0	false	Intel32,Intel64	"Windows kernel"
windows.drivermodule.DriverModule	ssdt	Version	0	false		"Version 2.0.0 dependency on volatility3.plugins.windows.ssdt.SSDT unmet"
windows.drivermodule.DriverModule	driverscan	Version	0	false		"Version 2.0.0 dependency on volatility3.plugins.windows.driverscan.DriverScan unmet"
windows.drivermodule.DriverModule	modules	Version	0	false		"Version 3.0.0 dependency on volatility3.plugins.windows.modules.Modules unmet"
windows.driverscan.DriverScan	kernel	Module	0	false	Intel32,Intel64	"Windows kernel"
windows.driverscan.DriverScan	poolscanner	Version	0	false		"Version 3.0.0 dependency on volatility3.plugins.windows.poolscanner.PoolScanner unmet"
windows.driverscan.DriverScan	modules	Version	0	false		"Version 3.0.0 dependency on volatility3.plugins.windows.modules.Modules unmet"
windows.dumpfiles.DumpFiles	kernel	Module	0	false	Intel32,Intel64	"Windows kernel"
windows.dumpfiles.DumpFiles	pid	Int	1	null		"Process ID to include (all other processes are excluded)"
windows.dumpfiles.DumpFiles	virtaddr	List	1	null	int	"Dump the _FILE_OBJECTs at the given virtual address(es)"
windows.dumpfiles.DumpFiles	physaddr	List	1	null	int	"Dump a single _FILE_OBJECTs at the given physical address(es)"
windows.dumpfiles.DumpFiles	filter	String	1	null		"Dump files matching regular expression FILTER"
windows.dumpfiles.DumpFiles	ignore-case	Bool	1	false		"Ignore case in filter match"
windows.dumpfiles.DumpFiles	pslist	Version	0	false		"Version 3.0.0 dependency on volatility3.plugins.windows.pslist.PsList unmet"
windows.dumpfiles.DumpFiles	handles	Version	0	false		"Version 4.0.0 dependency on volatility3.plugins.windows.handles.Handles unmet"
windows.envars.Envars	kernel	Module	0	false	Intel32,Intel64	"Windows kernel"
windows.envars.Envars	pid	List	1	null	int	"Filter on specific process IDs"
windows.envars.Envars	silent	Bool	1	null		"Suppress common and non-persistent variables"
windows.envars.Envars	pslist	Version	0	false		"Version 3.0.0 dependency on volatility3.plugins.windows.pslist.PsList unmet"
windows.envars.Envars	hivelist	Version	0	false		"Version 2.0.0 dependency on volatility3.plugins.windows.registry.hivelist.HiveList unmet"
windows.etwpatch.EtwPatch	kernel	Module	0	false	Intel32,Intel64	"Windows kernel"
windows.etwpatch.EtwPatch	pslist	Version	0	false		"Version 3.0.0 dependency on volatility3.plugins.windows.pslist.PsList unmet"
windows.etwpatch.EtwPatch	pe_symbols	Version	0	false		"Version 3.0.0 dependency on volatility3.plugins.windows.pe_symbols.PESymbols unmet"
windows.etwpatch.EtwPatch	pid	List	1	null	int	"Filter on specific process IDs"
windows.filescan.FileScan	kernel	Module	0	false	Intel32,Intel64	"Windows kernel"
windows.filescan.FileScan	poolscanner	Version	0	false		"Version 3.0.0 dependency on volatility3.plugins.windows.poolscanner.PoolScanner unmet"
windows.getservicesids.GetServiceSIDs	kernel	Module	0	false	Intel32,Intel64	"Windows kernel"
windows.getservicesids.GetServiceSIDs	hivelist	Version	0	false		"Version 2.0.0 dependency on volatility3.plugins.windows.registry.hivelist.HiveList unmet"
windows.getsids.GetSIDs	kernel	Module	0	false	Intel32,Intel64	"Windows kernel"
windows.getsids.GetSIDs	pid	List	1	null	int	"Filter on specific process IDs"
windows.getsids.GetSIDs	pslist	Version	0	false		"Version 3.0.0 dependency on volatility3.plugins.windows.pslist.PsList unmet"
windows.getsids.GetSIDs	hivelist	Version	0	false		"Version 2.0.0 dependency on volatility3.plugins.windows.registry.hivelist.HiveList unmet"
windows.handles.Handles	kernel	Module	0	false	Intel32,Intel64	"Windows kernel"
windows.handles.Handles	pslist	Version	0	false		"Version 3.0.0 dependency on volatility3.plugins.windows.pslist.PsList unmet"
windows.handles.Handles	psscan	Version	0	false		"Version 2.0.0 dependency on volatility3.plugins.windows.psscan.PsScan unmet"
windows.handles.Handles	pid	List	1	null	int	"Process IDs to include (all other processes are excluded)"
windows.handles.Handles	offset	Int	1	null		"Process offset in the physical address space"
windows.hashdump.Hashdump	kernel	Module	0	false	Intel32,Intel64	"Windows kernel"
windows.hashdump.Hashdump	hivelist	Version	0	false		"Version 2.0.0 dependency on volatility3.plugins.windows.registry.hivelist.HiveList unmet"
windows.hollowprocesses.HollowProcesses	kernel	Module	0	false	Intel32,Intel64	"Windows kernel"
windows.hollowprocesses.HollowProcesses	pid	List	1	null	int	"Process IDs to include (all other processes are excluded)"
windows.hollowprocesses.HollowProcesses	pslist	Version	0	false		"Version 3.0.0 dependency on volatility3.plugins.windows.pslist.PsList unmet"
windows.hollowprocesses.HollowProcesses	vadinfo	Version	0	false		"Version 2.0.0 dependency on volatility3.plugins.windows.vadinfo.VadInfo unmet"
windows.iat.IAT	kernel	Module	0	false	Intel32,Intel64	"Windows kernel"
windows.iat.IAT	pslist	Version	0	false		"Version 3.0.0 dependency on volatility3.plugins.windows.pslist.PsList unmet"
windows.iat.IAT	pid	List	1	null	int	"Process ID to include (all other processes are excluded)"
windows.indirect_system_calls.IndirectSystemCalls	insensitive	Bool	1	false		"Makes the search case insensitive"
windows.indirect_system_calls.IndirectSystemCalls	wide	Bool	1	false		"Match wide (unicode) strings"
windows.indirect_system_calls.IndirectSystemCalls	yara_string	String	1	null		"Yara rules (as a string)"
windows.indirect_system_calls.IndirectSystemCalls	yara_file	URI	1	null		"Yara rules (as a file)"
windows.indirect_system_calls.IndirectSystemCalls	yara_compiled_file	URI	1	null		"Yara compiled rules (as a file)"
windows.indirect_system_calls.IndirectSystemCalls	max_size	Int	1	1073741824		"Set the maximum size (default is 1GB)"
windows.indirect_system_calls.IndirectSystemCalls	kernel	Module	0	false	Intel32,Intel64	"Windows kernel"
windows.indirect_system_calls.IndirectSystemCalls	yarascanner	Version	0	false		"Version 2.1.0 dependency on volatility3.plugins.yarascan.YaraScanner unmet"
windows.indirect_system_calls.IndirectSystemCalls	yarascan	Version	0	false		"Version 2.0.0 dependency on volatility3.plugins.yarascan.YaraScan unmet"
windows.indirect_system_calls.IndirectSystemCalls	direct_system_calls	Version	0	false		"Version 2.0.0 dependency on volatility3.plugins.windows.malware.direct_system_calls.DirectSystemCalls unmet"
windows.info.Info	kernel	Module	0	false	Intel32,Intel64	"Windows kernel"
windows.joblinks.JobLinks	kernel	Module	0	false	Intel32,Intel64	"Windows kernel"
windows.joblinks.JobLinks	physical	Bool	1	false		"Display physical offset instead of virtual"
windows.joblinks.JobLinks	pslist	Version	0	false		"Version 3.0.0 dependency on volatility3.plugins.windows.pslist.PsList unmet"
windows.kpcrs.KPCRs	kernel	Module	0	false	Intel32,Intel64	"Windows kernel"
windows.ldrmodules.LdrModules	kernel	Module	0	false	Intel32,Intel64	"Windows kernel"
windows.ldrmodules.LdrModules	pslist	Version	0	false		"Version 3.0.0 dependency on volatility3.plugins.windows.pslist.PsList unmet"
windows.ldrmodules.LdrModules	vadinfo	Version	0	false		"Version 2.0.0 dependency on volatility3.plugins.windows.vadinfo.VadInfo unmet"
windows.ldrmodules.LdrModules	pid	List	1	null	int	"Process IDs to include (all other processes are excluded)"
windows.lsadump.Lsadump	kernel	Module	0	false	Intel32,Intel64	"Windows kernel"
windows.lsadump.Lsadump	hashdump	Version	0	false		"Version 1.1.0 dependency on volatility3.plugins.windows.registry.hashdump.Hashdump unmet"
windows.lsadump.Lsadump	hivelist	Version	0	false		"Version 2.0.0 dependency on volatility3.plugins.windows.registry.hivelist.HiveList unmet"
windows.malfind.Malfind	kernel	Module	0	false	Intel32,Intel64	"Windows kernel"
windows.malfind.Malfind	pid	List	1	null	int	"Process IDs to include (all other processes are excluded)"
windows.malfind.Malfind	dump	Bool	1	false		"Extract injected VADs"
windows.malfind.Malfind	pslist	Version	0	false		"Version 3.0.0 dependency on volatility3.plugins.windows.pslist.PsList unmet"
windows.malfind.Malfind	vadinfo	Version	0	false		"Version 2.0.0 dependency on volatility3.plugins.windows.vadinfo.VadInfo unmet"
windows.malware.direct_system_calls.DirectSystemCalls	insensitive	Bool	1	false		"Makes the search case insensitive"
windows.malware.direct_system_calls.DirectSystemCalls	wide	Bool	1	false		"Match wide (unicode) strings"
windows.malware.direct_system_calls.DirectSystemCalls	yara_string	String	1	null		"Yara rules (as a string)"
windows.malware.direct_system_calls.DirectSystemCalls	yara_file	URI	1	null		"Yara rules (as a file)"
windows.malware.direct_system_calls.DirectSystemCalls	yara_compiled_file	URI	1	null		"Yara compiled rules (as a file)"
windows.malware.direct_system_calls.DirectSystemCalls	max_size	Int	1	1073741824		"Set the maximum size (default is 1GB)"
windows.malware.direct_system_calls.DirectSystemCalls	kernel	Module	0	false	Intel32,Intel64	"Windows kernel"
windows.malware.direct_system_calls.DirectSystemCalls	pslist	Version	0	false		"Version 3.0.0 dependency on volatility3.plugins.windows.pslist.PsList unmet"
windows.malware.direct_system_calls.DirectSystemCalls	yarascanner	Version	0	false		"Version 2.1.0 dependency on volatility3.plugins.yarascan.YaraScanner unmet"
windows.malware.direct_system_calls.DirectSystemCalls	yarascan	Version	0	false		"Version 2.0.0 dependency on volatility3.plugins.yarascan.YaraScan unmet"
windows.malware.drivermodule.DriverModule	kernel	Module	0	false	Intel32,Intel64	"Windows kernel"
windows.malware.drivermodule.DriverModule	ssdt	Version	0	false		"Version 2.0.0 dependency on volatility3.plugins.windows.ssdt.SSDT unmet"
windows.malware.drivermodule.DriverModule	driverscan	Version	0	false		"Version 2.0.0 dependency on volatility3.plugins.windows.driverscan.DriverScan unmet"
windows.malware.drivermodule.DriverModule	modules	Version	0	false		"Version 3.0.0 dependency on volatility3.plugins.windows.modules.Modules unmet"
windows.malware.hollowprocesses.HollowProcesses	kernel	Module	0	false	Intel32,Intel64	"Windows kernel"
windows.malware.hollowprocesses.HollowProcesses	pid	List	1	null	int	"Process IDs to include (all other processes are excluded)"
windows.malware.hollowprocesses.HollowProcesses	pslist	Version	0	false		"Version 3.0.0 dependency on volatility3.plugins.windows.pslist.PsList unmet"
windows.malware.hollowprocesses.HollowProcesses	vadinfo	Version	0	false		"Version 2.0.0 dependency on volatility3.plugins.windows.vadinfo.VadInfo unmet"
windows.malware.indirect_system_calls.IndirectSystemCalls	insensitive	Bool	1	false		"Makes the search case insensitive"
windows.malware.indirect_system_calls.IndirectSystemCalls	wide	Bool	1	false		"Match wide (unicode) strings"
windows.malware.indirect_system_calls.IndirectSystemCalls	yara_string	String	1	null		"Yara rules (as a string)"
windows.malware.indirect_system_calls.IndirectSystemCalls	yara_file	URI	1	null		"Yara rules (as a file)"
windows.malware.indirect_system_calls.IndirectSystemCalls	yara_compiled_file	URI	1	null		"Yara compiled rules (as a file)"
windows.malware.indirect_system_calls.IndirectSystemCalls	max_size	Int	1	1073741824		"Set the maximum size (default is 1GB)"
windows.malware.indirect_system_calls.IndirectSystemCalls	kernel	Module	0	false	Intel32,Intel64	"Windows kernel"
windows.malware.indirect_system_calls.IndirectSystemCalls	yarascanner	Version	0	false		"Version 2.1.0 dependency on volatility3.plugins.yarascan.YaraScanner unmet"
windows.malware.indirect_system_calls.IndirectSystemCalls	yarascan	Version	0	false		"Version 2.0.0 dependency on volatility3.plugins.yarascan.YaraScan unmet"
windows.malware.indirect_system_calls.IndirectSystemCalls	direct_system_calls	Version	0	false		"Version 2.0.0 dependency on volatility3.plugins.windows.malware.direct_system_calls.DirectSystemCalls unmet"
windows.malware.ldrmodules.LdrModules	kernel	Module	0	false	Intel32,Intel64	"Windows kernel"
windows.malware.ldrmodules.LdrModules	pslist	Version	0	false		"Version 3.0.0 dependency on volatility3.plugins.windows.pslist.PsList unmet"
windows.malware.ldrmodules.LdrModules	vadinfo	Version	0	false		"Version 2.0.0 dependency on volatility3.plugins.windows.vadinfo.VadInfo unmet"
windows.malware.ldrmodules.LdrModules	pid	List	1	null	int	"Process IDs to include (all other processes are excluded)"
windows.malware.malfind.Malfind	kernel	Module	0	false	Intel32,Intel64	"Windows kernel"
windows.malware.malfind.Malfind	pid	List	1	null	int	"Process IDs to include (all other processes are excluded)"
windows.malware.malfind.Malfind	dump	Bool	1	false		"Extract injected VADs"
windows.malware.malfind.Malfind	pslist	Version	0	false		"Version 3.0.0 dependency on volatility3.plugins.windows.pslist.PsList unmet"
windows.malware.malfind.Malfind	vadinfo	Version	0	false		"Version 2.0.0 dependency on volatility3.plugins.windows.vadinfo.VadInfo unmet"
windows.malware.pebmasquerade.PebMasquerade	kernel	Module	0	false	Intel32,Intel64	"Windows kernel"
windows.malware.pebmasquerade.PebMasquerade	pslist	Version	0	false		"Version 3.0.0 dependency on volatility3.plugins.windows.pslist.PsList unmet"
windows.malware.pebmasquerade.PebMasquerade	pid	List	1	null	int	"Process ID to include (all other processes are excluded)"
windows.malware.processghosting.ProcessGhosting	kernel	Module	0	false	Intel32,Intel64	"Windows kernel"
windows.malware.processghosting.ProcessGhosting	pslist	Version	0	false		"Version 3.0.0 dependency on volatility3.plugins.windows.pslist.PsList unmet"
windows.malware.processghosting.ProcessGhosting	vadinfo	Version	0	false		"Version 2.0.1 dependency on volatility3.plugins.windows.vadinfo.VadInfo unmet"
windows.malware.psxview.PsXView	kernel	Module	0	false	Intel32,Intel64	"Windows kernel"
windows.malware.psxview.PsXView	pslist	Version	0	false		"Version 3.0.0 dependency on volatility3.plugins.windows.pslist.PsList unmet"
windows.malware.psxview.PsXView	psscan	Version	0	false		"Version 2.0.0 dependency on volatility3.plugins.windows.psscan.PsScan unmet"
windows.malware.psxview.PsXView	thrdscan	Version	0	false		"Version 2.0.0 dependency on volatility3.plugins.windows.thrdscan.ThrdScan unmet"
windows.malware.psxview.PsXView	handles	Version	0	false		"Version 4.0.0 dependency on volatility3.plugins.windows.handles.Handles unmet"
windows.malware.psxview.PsXView	physical-offsets	Bool	1	null		"List processes with physical offsets instead of virtual offsets."
windows.malware.skeleton_key_check.Skeleton_Key_Check	kernel	Module	0	false	Intel32,Intel64	"Windows kernel"
windows.malware.skeleton_key_check.Skeleton_Key_Check	pslist	Version	0	false		"Version 3.0.0 dependency on volatility3.plugins.windows.pslist.PsList unmet"
windows.malware.skeleton_key_check.Skeleton_Key_Check	vadinfo	Version	0	false		"Version 2.0.0 dependency on volatility3.plugins.windows.vadinfo.VadInfo unmet"
windows.malware.skeleton_key_check.Skeleton_Key_Check	pdbutil	Version	0	false		"Version 1.0.0 dependency on volatility3.framework.symbols.windows.pdbutil.PDBUtility unmet"
windows.malware.skeleton_key_check.Skeleton_Key_Check	pe_symbols	Version	0	false		"Version 3.0.0 dependency on volatility3.plugins.windows.pe_symbols.PESymbols unmet"
windows.malware.skeleton_key_check.Skeleton_Key_Check	bytes_scanner	Version	0	false		"Version 1.0.0 dependency on volatility3.framework.layers.scanners.BytesScanner unmet"
windows.malware.suspicious_threads.SuspiciousThreads	kernel	Module	0	false	Intel32,Intel64	"Windows kernel"
windows.malware.suspicious_threads.SuspiciousThreads	pid	List	1	null	int	"Filter on specific process IDs"
windows.malware.suspicious_threads.SuspiciousThreads	thrdscan	Version	0	false		"Version 2.0.0 dependency on volatility3.plugins.windows.thrdscan.ThrdScan unmet"
windows.malware.suspicious_threads.SuspiciousThreads	pslist	Version	0	false		"Version 3.0.0 dependency on volatility3.plugins.windows.pslist.PsList unmet"
windows.malware.suspicious_threads.SuspiciousThreads	threads	Version	0	false		"Version 3.0.0 dependency on volatility3.plugins.windows.threads.Threads unmet"
windows.malware.suspicious_threads.SuspiciousThreads	vadinfo	Version	0	false		"Version 2.0.0 dependency on volatility3.plugins.windows.vadinfo.VadInfo unmet"
windows.malware.svcdiff.SvcDiff	kernel	Module	0	false	Intel32,Intel64	"Windows kernel"
windows.malware.svcdiff.SvcDiff	svclist	Version	0	false		"Version 2.0.0 dependency on volatility3.plugins.windows.svclist.SvcList unmet"
windows.malware.svcdiff.SvcDiff	svcscan	Version	0	false		"Version 4.0.0 dependency on volatility3.plugins.windows.svcscan.SvcScan unmet"
windows.malware.unhooked_system_calls.UnhookedSystemCalls	kernel	Module	0	false	Intel32,Intel64	"Windows kernel"
windows.malware.unhooked_system_calls.UnhookedSystemCalls	pslist	Version	0	false		"Version 3.0.0 dependency on volatility3.plugins.windows.pslist.PsList unmet"
windows.malware.unhooked_system_calls.UnhookedSystemCalls	pe_symbols	Version	0	false		"Version 3.0.0 dependency on volatility3.plugins.windows.pe_symbols.PESymbols unmet"
windows.mbrscan.MBRScan	kernel	Module	0	false	Intel32,Intel64	"Windows kernel"
windows.mbrscan.MBRScan	full	Bool	1	false		"It analyzes and provides all the information in the partition entry and bootcode hexdump. (It returns a lot of information, so we recommend you render it in CSV.)"
windows.mbrscan.MBRScan	multi_string_scanner	Version	0	false		"Version 1.0.0 dependency on volatility3.framework.layers.scanners.MultiStringScanner unmet"
windows.memmap.Memmap	kernel	Module	0	false	Intel32,Intel64	"Windows kernel"
windows.memmap.Memmap	pslist	Version	0	false		"Version 3.0.0 dependency on volatility3.plugins.windows.pslist.PsList unmet"
windows.memmap.Memmap	pid	Int	1	null		"Process ID to include (all other processes are excluded)"
windows.memmap.Memmap	dump	Bool	1	false		"Extract listed memory segments"
windows.mftscan.ADS	MFTScan	Version	0	false		"Version 3.0.0 dependency on volatility3.plugins.windows.mftscan.MFTScan unmet"
windows.mftscan.ADS	primary	Layer	0	null	Intel32,Intel64;	"Memory layer for the kernel"
windows.mftscan.ADS	yarascanner	Version	0	false		"Version 2.0.0 dependency on volatility3.plugins.yarascan.YaraScanner unmet"
windows.mftscan.MFTScan	primary	Layer	0	null	Intel32,Intel64;	"Memory layer for the kernel"
windows.mftscan.MFTScan	timeliner	Version	0	false		"Version 1.0.0 dependency on volatility3.plugins.timeliner.TimeLinerInterface unmet"
windows.mftscan.MFTScan	yarascanner	Version	0	false		"Version 2.1.0 dependency on volatility3.plugins.yarascan.YaraScanner unmet"
windows.mftscan.MFTScan	yarascan	Version	0	false		"Version 2.0.0 dependency on volatility3.plugins.yarascan.YaraScan unmet"
windows.mftscan.ResidentData	MFTScan	Version	0	false		"Version 3.0.0 dependency on volatility3.plugins.windows.mftscan.MFTScan unmet"
windows.mftscan.ResidentData	primary	Layer	0	null	Intel32,Intel64;	"Memory layer for the kernel"
windows.mftscan.ResidentData	yarascanner	Version	0	false		"Version 2.0.0 dependency on volatility3.plugins.yarascan.YaraScanner unmet"
windows.modscan.ModScan	kernel	Module	0	false	Intel32,Intel64	"Windows kernel"
windows.modscan.ModScan	poolscanner	Version	0	false		"Version 3.0.0 dependency on volatility3.plugins.windows.poolscanner.PoolScanner unmet"
windows.modscan.ModScan	modules	Version	0	false		"Version 3.0.0 dependency on volatility3.plugins.windows.modules.Modules unmet"
windows.modscan.ModScan	dump	Bool	1	false		"Extract listed modules"
windows.modscan.ModScan	base	Int	1	null		"Extract a single module with BASE address"
windows.modscan.ModScan	name	String	1	null		"module name/sub string"
windows.modscan.ModScan	pedump	Version	0	false		"Version 2.0.0 dependency on volatility3.plugins.windows.pedump.PEDump unmet"
windows.modules.Modules	kernel	Module	0	false	Intel32,Intel64	"Windows kernel"
windows.modules.Modules	pslist	Version	0	false		"Version 3.0.0 dependency on volatility3.plugins.windows.pslist.PsList unmet"
windows.modules.Modules	pedump	Version	0	false		"Version 2.0.0 dependency on volatility3.plugins.windows.pedump.PEDump unmet"
windows.modules.Modules	dump	Bool	1	false		"Extract listed modules"
windows.modules.Modules	base	Int	1	null		"Extract a single module with BASE address"
windows.modules.Modules	name	String	1	null		"module name/sub string"
windows.mutantscan.MutantScan	kernel	Module	0	false	Intel32,Intel64	"Windows kernel"
windows.mutantscan.MutantScan	poolscanner	Version	0	false		"Version 3.0.0 dependency on volatility3.plugins.windows.poolscanner.PoolScanner unmet"
windows.netscan.NetScan	kernel	Module	0	false	Intel32,Intel64	"Windows kernel"
windows.netscan.NetScan	poolscanner	Version	0	false		"Version 3.0.0 dependency on volatility3.plugins.windows.poolscanner.PoolScanner unmet"
windows.netscan.NetScan	info	Version	0	false		"Version 2.0.0 dependency on volatility3.plugins.windows.info.Info unmet"
windows.netscan.NetScan	timeliner	Version	0	false		"Version 1.0.0 dependency on volatility3.plugins.timeliner.TimeLinerInterface unmet"
windows.netscan.NetScan	verinfo	Version	0	false		"Version 1.0.0 dependency on volatility3.plugins.windows.verinfo.VerInfo unmet"
windows.netscan.NetScan	include-corrupt	Bool	1	false		"Radically eases result validation. This will show partially overwritten data. WARNING: the results are likely to include garbage and/or corrupt data. Be cautious!"
windows.netstat.NetStat	kernel	Module	0	false	Intel32,Intel64	"Windows kernel"
windows.netstat.NetStat	netscan	Version	0	false		"Version 2.0.0 dependency on volatility3.plugins.windows.netscan.NetScan unmet"
windows.netstat.NetStat	modules	Version	0	false		"Version 3.0.0 dependency on volatility3.plugins.windows.modules.Modules unmet"
windows.netstat.NetStat	timeliner	Version	0	false		"Version 1.0.0 dependency on volatility3.plugins.timeliner.TimeLinerInterface unmet"
windows.netstat.NetStat	pdbutil	Version	0	false		"Version 1.0.0 dependency on volatility3.framework.symbols.windows.pdbutil.PDBUtility unmet"
windows.netstat.NetStat	info	Version	0	false		"Version 2.0.0 dependency on volatility3.plugins.windows.info.Info unmet"
windows.netstat.NetStat	verinfo	Version	0	false		"Version 1.0.0 dependency on volatility3.plugins.windows.verinfo.VerInfo unmet"
windows.netstat.NetStat	include-corrupt	Bool	1	false		"Radically eases result validation. This will show partially overwritten data. WARNING: the results are likely to include garbage and/or corrupt data. Be cautious!"
windows.orphan_kernel_threads.Threads	kernel	Module	0	false	Intel32,Intel64	"Windows kernel"
windows.orphan_kernel_threads.Threads	thrdscan	Version	0	false		"Version 2.0.0 dependency on volatility3.plugins.windows.thrdscan.ThrdScan unmet"
windows.orphan_kernel_threads.Threads	ssdt	Version	0	false		"Version 2.0.0 dependency on volatility3.plugins.windows.ssdt.SSDT unmet"
windows.orphan_kernel_threads.Threads	modules	Version	0	false		"Version 3.0.0 dependency on volatility3.plugins.windows.modules.Modules unmet"
windows.pe_symbols.PESymbols	kernel	Module	0	false	Intel32,Intel64	"Windows kernel"
windows.pe_symbols.PESymbols	pslist	Version	0	false		"Version 3.0.0 dependency on volatility3.plugins.windows.pslist.PsList unmet"
windows.pe_symbols.PESymbols	modules	Version	0	false		"Version 3.0.0 dependency on volatility3.plugins.windows.modules.Modules unmet"
windows.pe_symbols.PESymbols	pdbutil	Version	0	false		"Version 1.0.0 dependency on volatility3.framework.symbols.windows.pdbutil.PDBUtility unmet"
windows.pe_symbols.PESymbols	source	Choice	0	null	["kernel", "processes"]	"Where to resolve symbols."
windows.pe_symbols.PESymbols	module	String	0	null		"Module in which to resolve symbols. Use \"ntoskrnl.exe\" to resolve in the base kernel executable."
windows.pe_symbols.PESymbols	symbols	List	1	null	str	"Symbol name to resolve"
windows.pe_symbols.PESymbols	addresses	List	1	null	int	"Address of symbol to resolve"
windows.pedump.PEDump	kernel	Module	0	false	Intel32,Intel64	"Windows kernel"
windows.pedump.PEDump	pslist	Version	0	false		"Version 3.0.0 dependency on volatility3.plugins.windows.pslist.PsList unmet"
windows.pedump.PEDump	modules	Version	0	false		"Version 3.0.0 dependency on volatility3.plugins.windows.modules.Modules unmet"
windows.pedump.PEDump	pid	List	1	null	int	"Process IDs to include (all other processes are excluded)"
windows.pedump.PEDump	base	Int	0	null		"Base address to reconstruct a PE file"
windows.pedump.PEDump	kernel_module	Bool	1	false		"Extract from kernel address space."
windows.poolscanner.PoolScanner	kernel	Module	0	false	Intel32,Intel64	"Windows kernel"
windows.poolscanner.PoolScanner	handles	Version	0	false		"Version 4.0.0 dependency on volatility3.plugins.windows.handles.Handles unmet"
windows.poolscanner.PoolScanner	pool_header_scanner	Version	0	false		"Version 1.0.0 dependency on volatility3.plugins.windows.poolscanner.PoolHeaderScanner unmet"
windows.privileges.Privs	kernel	Module	0	false	Intel32,Intel64	"Windows kernel"
windows.privileges.Privs	pid	List	1	null	int	"Filter on specific process IDs"
windows.privileges.Privs	pslist	Version	0	false		"Version 3.0.0 dependency on volatility3.plugins.windows.pslist.PsList unmet"
windows.processghosting.ProcessGhosting	kernel	Module	0	false	Intel32,Intel64	"Windows kernel"
windows.processghosting.ProcessGhosting	pslist	Version	0	false		"Version 3.0.0 dependency on volatility3.plugins.windows.pslist.PsList unmet"
windows.processghosting.ProcessGhosting	vadinfo	Version	0	false		"Version 2.0.1 dependency on volatility3.plugins.windows.vadinfo.VadInfo unmet"
windows.pslist.PsList	kernel	Module	0	false	Intel32,Intel64	"Windows kernel"
windows.pslist.PsList	physical	Bool	1	false		"Display physical offsets instead of virtual"
windows.pslist.PsList	timeliner	Version	0	false		"Version 1.0.0 dependency on volatility3.plugins.timeliner.TimeLinerInterface unmet"
windows.pslist.PsList	pid	List	1	null	int	"Process ID to include (all other processes are excluded)"
windows.pslist.PsList	dump	Bool	1	false		"Extract listed processes"
windows.psscan.PsScan	kernel	Module	0	false	Intel32,Intel64	"Windows kernel"
windows.psscan.PsScan	pslist	Version	0	false		"Version 3.0.0 dependency on volatility3.plugins.windows.pslist.PsList unmet"
windows.psscan.PsScan	timeliner	Version	0	false		"Version 1.0.0 dependency on volatility3.plugins.timeliner.TimeLinerInterface unmet"
windows.psscan.PsScan	info	Version	0	false		"Version 2.0.0 dependency on volatility3.plugins.windows.info.Info unmet"
windows.psscan.PsScan	poolscanner	Version	0	false		"Version 3.0.0 dependency on volatility3.plugins.windows.poolscanner.PoolScanner unmet"
windows.psscan.PsScan	pid	List	1	null	int	"Process ID to include (all other processes are excluded)"
windows.psscan.PsScan	dump	Bool	1	false		"Extract listed processes"
windows.psscan.PsScan	physical	Bool	1	false		"Display physical offset instead of virtual"
windows.pstree.PsTree	kernel	Module	0	false	Intel32,Intel64	"Windows kernel"
windows.pstree.PsTree	physical	Bool	1	false		"Display physical offsets instead of virtual"
windows.pstree.PsTree	pslist	Version	0	false		"Version 3.0.0 dependency on volatility3.plugins.windows.pslist.PsList unmet"
windows.pstree.PsTree	pid	List	1	null	int	"Process ID to include (with ancestors and descendants, all other processes are excluded)"
windows.psxview.PsXView	kernel	Module	0	false	Intel32,Intel64	"Windows kernel"
windows.psxview.PsXView	pslist	Version	0	false		"Version 3.0.0 dependency on volatility3.plugins.windows.pslist.PsList unmet"
windows.psxview.PsXView	psscan	Version	0	false		"Version 2.0.0 dependency on volatility3.plugins.windows.psscan.PsScan unmet"
windows.psxview.PsXView	thrdscan	Version	0	false		"Version 2.0.0 dependency on volatility3.plugins.windows.thrdscan.ThrdScan unmet"
windows.psxview.PsXView	handles	Version	0	false		"Version 4.0.0 dependency on volatility3.plugins.windows.handles.Handles unmet"
windows.psxview.PsXView	physical-offsets	Bool	1	null		"List processes with physical offsets instead of virtual offsets."
windows.registry.amcache.Amcache	kernel	Module	0	false	Intel32,Intel64	"Windows kernel"
windows.registry.amcache.Amcache	hivelist	Version	0	false		"Version 2.0.0 dependency on volatility3.plugins.windows.registry.hivelist.HiveList unmet"
windows.registry.amcache.Amcache	timeliner	Version	0	false		"Version 1.0.0 dependency on volatility3.plugins.timeliner.TimeLinerInterface unmet"
windows.registry.cachedump.Cachedump	kernel	Module	0	false	Intel32,Intel64	"Windows kernel"
windows.registry.cachedump.Cachedump	hivelist	Version	0	false		"Version 2.0.0 dependency on volatility3.plugins.windows.registry.hivelist.HiveList unmet"
windows.registry.cachedump.Cachedump	lsadump	Version	0	false		"Version 1.0.0 dependency on volatility3.plugins.windows.registry.lsadump.Lsadump unmet"
windows.registry.cachedump.Cachedump	hashdump	Version	0	false		"Version 1.1.0 dependency on volatility3.plugins.windows.registry.hashdump.Hashdump unmet"
windows.registry.certificates.Certificates	kernel	Module	0	false	Intel32,Intel64	"Windows kernel"
windows.registry.certificates.Certificates	hivelist	Version	0	false		"Version 2.0.0 dependency on volatility3.plugins.windows.registry.hivelist.HiveList unmet"
windows.registry.certificates.Certificates	printkey	Version	0	false		"Version 1.0.0 dependency on volatility3.plugins.windows.registry.printkey.PrintKey unmet"
windows.registry.certificates.Certificates	dump	Bool	1	false		"Extract listed certificates"
windows.registry.getcellroutine.GetCellRoutine	kernel	Module	0	false	Intel32,Intel64	"Windows kernel"
windows.registry.getcellroutine.GetCellRoutine	hivelist	Version	0	false		"Version 2.0.0 dependency on volatility3.plugins.windows.registry.hivelist.HiveList unmet"
windows.registry.getcellroutine.GetCellRoutine	ssdt	Version	0	false		"Version 2.0.0 dependency on volatility3.plugins.windows.ssdt.SSDT unmet"
windows.registry.hashdump.Hashdump	kernel	Module	0	false	Intel32,Intel64	"Windows kernel"
windows.registry.hashdump.Hashdump	hivelist	Version	0	false		"Version 2.0.0 dependency on volatility3.plugins.windows.registry.hivelist.HiveList unmet"
windows.registry.hivelist.HiveList	kernel	Module	0	false	Intel32,Intel64	"Windows kernel"
windows.registry.hivelist.HiveList	filter	String	1	null		"String to filter hive names returned"
windows.registry.hivelist.HiveList	hivescan	Version	0	false		"Version 2.0.0 dependency on volatility3.plugins.windows.registry.hivescan.HiveScan unmet"
windows.registry.hivelist.HiveList	dump	Bool	1	false		"Extract listed registry hives"
windows.registry.hivescan.HiveScan	kernel	Module	0	false	Intel32,Intel64	"Windows kernel"
windows.registry.hivescan.HiveScan	poolscanner	Version	0	false		"Version 3.0.0 dependency on volatility3.plugins.windows.poolscanner.PoolScanner unmet"
windows.registry.hivescan.HiveScan	bigpools	Version	0	false		"Version 2.0.0 dependency on volatility3.plugins.windows.bigpools.BigPools unmet"
windows.registry.lsadump.Lsadump	kernel	Module	0	false	Intel32,Intel64	"Windows kernel"
windows.registry.lsadump.Lsadump	hashdump	Version	0	false		"Version 1.1.0 dependency on volatility3.plugins.windows.registry.hashdump.Hashdump unmet"
windows.registry.lsadump.Lsadump	hivelist	Version	0	false		"Version 2.0.0 dependency on volatility3.plugins.windows.registry.hivelist.HiveList unmet"
windows.registry.printkey.PrintKey	kernel	Module	0	false	Intel32,Intel64	"Windows kernel"
windows.registry.printkey.PrintKey	hivelist	Version	0	false		"Version 2.0.0 dependency on volatility3.plugins.windows.registry.hivelist.HiveList unmet"
windows.registry.printkey.PrintKey	offset	Int	1	null		"Hive Offset"
windows.registry.printkey.PrintKey	key	String	1	null		"Key to start from"
windows.registry.printkey.PrintKey	recurse	Bool	1	false		"Recurses through keys"
windows.registry.scheduled_tasks.ScheduledTasks	kernel	Module	0	false	Intel32,Intel64	"Windows kernel"
windows.registry.scheduled_tasks.ScheduledTasks	hivelist	Version	0	false		"Version 2.0.0 dependency on volatility3.plugins.windows.registry.hivelist.HiveList unmet"
windows.registry.scheduled_tasks.ScheduledTasks	timeliner	Version	0	false		"Version 1.0.0 dependency on volatility3.plugins.timeliner.TimeLinerInterface unmet"
windows.registry.userassist.UserAssist	kernel	Module	0	false	Intel32,Intel64	"Windows kernel"
windows.registry.userassist.UserAssist	offset	Int	1	null		"Hive Offset"
windows.registry.userassist.UserAssist	hivelist	Version	0	false		"Version 2.0.0 dependency on volatility3.plugins.windows.registry.hivelist.HiveList unmet"
windows.registry.userassist.UserAssist	timeliner	Version	0	false		"Version 1.0.0 dependency on volatility3.plugins.timeliner.TimeLinerInterface unmet"
windows.scheduled_tasks.ScheduledTasks	kernel	Module	0	false	Intel32,Intel64	"Windows kernel"
windows.scheduled_tasks.ScheduledTasks	hivelist	Version	0	false		"Version 2.0.0 dependency on volatility3.plugins.windows.registry.hivelist.HiveList unmet"
windows.scheduled_tasks.ScheduledTasks	timeliner	Version	0	false		"Version 1.0.0 dependency on volatility3.plugins.timeliner.TimeLinerInterface unmet"
windows.sessions.Sessions	kernel	Module	0	false	Intel32,Intel64	"Windows kernel"
windows.sessions.Sessions	pslist	Version	0	false		"Version 3.0.0 dependency on volatility3.plugins.windows.pslist.PsList unmet"
windows.sessions.Sessions	timeliner	Version	0	false		"Version 1.0.0 dependency on volatility3.plugins.timeliner.TimeLinerInterface unmet"
windows.sessions.Sessions	pid	List	1	null	int	"Process IDs to include (all other processes are excluded)"
windows.shimcachemem.ShimcacheMem	kernel	Module	0	false	Intel32,Intel64	"Windows kernel"
windows.shimcachemem.ShimcacheMem	pslist	Version	0	false		"Version 3.0.0 dependency on volatility3.plugins.windows.pslist.PsList unmet"
windows.shimcachemem.ShimcacheMem	timeliner	Version	0	false		"Version 1.0.0 dependency on volatility3.plugins.timeliner.TimeLinerInterface unmet"
windows.shimcachemem.ShimcacheMem	vadinfo	Version	0	false		"Version 2.0.0 dependency on volatility3.plugins.windows.vadinfo.VadInfo unmet"
windows.shimcachemem.ShimcacheMem	modules	Version	0	false		"Version 3.0.0 dependency on volatility3.plugins.windows.modules.Modules unmet"
windows.skeleton_key_check.Skeleton_Key_Check	kernel	Module	0	false	Intel32,Intel64	"Windows kernel"
windows.skeleton_key_check.Skeleton_Key_Check	pslist	Version	0	false		"Version 3.0.0 dependency on volatility3.plugins.windows.pslist.PsList unmet"
windows.skeleton_key_check.Skeleton_Key_Check	vadinfo	Version	0	false		"Version 2.0.0 dependency on volatility3.plugins.windows.vadinfo.VadInfo unmet"
windows.skeleton_key_check.Skeleton_Key_Check	pdbutil	Version	0	false		"Version 1.0.0 dependency on volatility3.framework.symbols.windows.pdbutil.PDBUtility unmet"
windows.skeleton_key_check.Skeleton_Key_Check	pe_symbols	Version	0	false		"Version 3.0.0 dependency on volatility3.plugins.windows.pe_symbols.PESymbols unmet"
windows.skeleton_key_check.Skeleton_Key_Check	bytes_scanner	Version	0	false		"Version 1.0.0 dependency on volatility3.framework.layers.scanners.BytesScanner unmet"
windows.ssdt.SSDT	kernel	Module	0	false	Intel32,Intel64	"Windows kernel"
windows.ssdt.SSDT	modules	Version	0	false		"Version 3.0.0 dependency on volatility3.plugins.windows.modules.Modules unmet"
windows.statistics.Statistics	primary	Layer	0	null	Intel32,Intel64;	"Memory layer for the kernel"
windows.strings.Strings	kernel	Module	0	false	Intel32,Intel64	"Windows kernel"
windows.strings.Strings	pslist	Version	0	false		"Version 3.0.0 dependency on volatility3.plugins.windows.pslist.PsList unmet"
windows.strings.Strings	pid	List	1	null	int	"Process ID to include (all other processes are excluded)"
windows.strings.Strings	strings_file	URI	0	null		"Strings file"
windows.suspended_threads.SuspendedThreads	kernel	Module	0	false	Intel32,Intel64	"Windows kernel"
windows.suspended_threads.SuspendedThreads	pslist	Version	0	false		"Version 3.0.0 dependency on volatility3.plugins.windows.pslist.PsList unmet"
windows.suspended_threads.SuspendedThreads	pe_symbols	Version	0	false		"Version 3.0.0 dependency on volatility3.plugins.windows.pe_symbols.PESymbols unmet"
windows.suspended_threads.SuspendedThreads	threads	Version	0	false		"Version 3.0.0 dependency on volatility3.plugins.windows.threads.Threads unmet"
windows.suspicious_threads.SuspiciousThreads	kernel	Module	0	false	Intel32,Intel64	"Windows kernel"
windows.suspicious_threads.SuspiciousThreads	pid	List	1	null	int	"Filter on specific process IDs"
windows.suspicious_threads.SuspiciousThreads	thrdscan	Version	0	false		"Version 2.0.0 dependency on volatility3.plugins.windows.thrdscan.ThrdScan unmet"
windows.suspicious_threads.SuspiciousThreads	pslist	Version	0	false		"Version 3.0.0 dependency on volatility3.plugins.windows.pslist.PsList unmet"
windows.suspicious_threads.SuspiciousThreads	threads	Version	0	false		"Version 3.0.0 dependency on volatility3.plugins.windows.threads.Threads unmet"
windows.suspicious_threads.SuspiciousThreads	vadinfo	Version	0	false		"Version 2.0.0 dependency on volatility3.plugins.windows.vadinfo.VadInfo unmet"
windows.svcdiff.SvcDiff	kernel	Module	0	false	Intel32,Intel64	"Windows kernel"
windows.svcdiff.SvcDiff	svclist	Version	0	false		"Version 2.0.0 dependency on volatility3.plugins.windows.svclist.SvcList unmet"
windows.svcdiff.SvcDiff	svcscan	Version	0	false		"Version 4.0.0 dependency on volatility3.plugins.windows.svcscan.SvcScan unmet"
windows.svclist.SvcList	svcscan	Version	0	false		"Version 4.0.0 dependency on volatility3.plugins.windows.svcscan.SvcScan unmet"
windows.svclist.SvcList	pslist	Version	0	false		"Version 3.0.0 dependency on volatility3.plugins.windows.pslist.PsList unmet"
windows.svclist.SvcList	kernel	Module	0	false	Intel32,Intel64	"Windows kernel"
windows.svclist.SvcList	bytes_scanner	Version	0	false		"Version 1.0.0 dependency on volatility3.framework.layers.scanners.BytesScanner unmet"
windows.svcscan.SvcScan	kernel	Module	0	false	Intel32,Intel64	"Windows kernel"
windows.svcscan.SvcScan	pslist	Version	0	false		"Version 3.0.0 dependency on volatility3.plugins.windows.pslist.PsList unmet"
windows.svcscan.SvcScan	hivelist	Version	0	false		"Version 2.0.0 dependency on volatility3.plugins.windows.registry.hivelist.HiveList unmet"
windows.svcscan.SvcScan	bytes_scanner	Version	0	false		"Version 1.0.0 dependency on volatility3.framework.layers.scanners.BytesScanner unmet"
windows.symlinkscan.SymlinkScan	kernel	Module	0	false	Intel32,Intel64	"Windows kernel"
windows.symlinkscan.SymlinkScan	timeliner	Version	0	false		"Version 1.0.0 dependency on volatility3.plugins.timeliner.TimeLinerInterface unmet"
windows.symlinkscan.SymlinkScan	poolscanner	Version	0	false		"Version 3.0.0 dependency on volatility3.plugins.windows.poolscanner.PoolScanner unmet"
windows.thrdscan.ThrdScan	kernel	Module	0	false	Intel32,Intel64	"Windows kernel"
windows.thrdscan.ThrdScan	poolscanner	Version	0	false		"Version 3.0.0 dependency on volatility3.plugins.windows.poolscanner.PoolScanner unmet"
windows.thrdscan.ThrdScan	pe_symbols	Version	0	false		"Version 3.0.0 dependency on volatility3.plugins.windows.pe_symbols.PESymbols unmet"
windows.thrdscan.ThrdScan	timeliner	Version	0	false		"Version 1.0.0 dependency on volatility3.plugins.timeliner.TimeLinerInterface unmet"
windows.threads.Threads	kernel	Module	0	false	Intel32,Intel64	"Windows kernel"
windows.threads.Threads	thrdscan	Version	0	false		"Version 2.0.0 dependency on volatility3.plugins.windows.thrdscan.ThrdScan unmet"
windows.threads.Threads	pslist	Version	0	false		"Version 3.0.0 dependency on volatility3.plugins.windows.pslist.PsList unmet"
windows.timers.Timers	kernel	Module	0	false	Intel32,Intel64	"Windows kernel"
windows.timers.Timers	ssdt	Version	0	false		"Version 2.0.0 dependency on volatility3.plugins.windows.ssdt.SSDT unmet"
windows.timers.Timers	kpcrs	Version	0	false		"Version 2.0.0 dependency on volatility3.plugins.windows.kpcrs.KPCRs unmet"
windows.truecrypt.Passphrase	kernel	Module	0	false	Intel32,Intel64	"Windows kernel"
windows.truecrypt.Passphrase	modules	Version	0	false		"Version 3.0.0 dependency on volatility3.plugins.windows.modules.Modules unmet"
windows.truecrypt.Passphrase	min-length	Int	1	5		"Minimum length of passphrases to identify"
windows.unhooked_system_calls.unhooked_system_calls	kernel	Module	0	false	Intel32,Intel64	"Windows kernel"
windows.unhooked_system_calls.unhooked_system_calls	pslist	Version	0	false		"Version 3.0.0 dependency on volatility3.plugins.windows.pslist.PsList unmet"
windows.unhooked_system_calls.unhooked_system_calls	pe_symbols	Version	0	false		"Version 3.0.0 dependency on volatility3.plugins.windows.pe_symbols.PESymbols unmet"
windows.unloadedmodules.UnloadedModules	kernel	Module	0	false	Intel32,Intel64	"Windows kernel"
windows.unloadedmodules.UnloadedModules	timeliner	Version	0	false		"Version 1.0.0 dependency on volatility3.plugins.timeliner.TimeLinerInterface unmet"
windows.unloadedmodules.UnloadedModules	modules	Version	0	false		"Version 3.0.0 dependency on volatility3.plugins.windows.modules.Modules unmet"
windows.vadinfo.VadInfo	kernel	Module	0	false	Intel32,Intel64	"Windows kernel"
windows.vadinfo.VadInfo	address	Int	1	null		"Process virtual memory address to include (all other address ranges are excluded)."
windows.vadinfo.VadInfo	pid	List	1	null	int	"Filter on specific process IDs"
windows.vadinfo.VadInfo	pslist	Version	0	false		"Version 3.0.0 dependency on volatility3.plugins.windows.pslist.PsList unmet"
windows.vadinfo.VadInfo	dump	Bool	1	false		"Extract listed memory ranges"
windows.vadinfo.VadInfo	maxsize	Int	1	1073741824		"Maximum size for dumped VAD sections (all the bigger sections will be ignored)"
windows.vadregexscan.VadRegExScan	kernel	Module	0	false	Intel32,Intel64	"Windows kernel"
windows.vadregexscan.VadRegExScan	pslist	Version	0	false		"Version 3.0.0 dependency on volatility3.plugins.windows.pslist.PsList unmet"
windows.vadregexscan.VadRegExScan	pid	List	1	null	int	"Filter on specific process IDs"
windows.vadregexscan.VadRegExScan	regex_scanner	Version	0	false		"Version 1.0.0 dependency on volatility3.framework.layers.scanners.RegExScanner unmet"
windows.vadregexscan.VadRegExScan	pattern	String	0	null		"RegEx pattern"
windows.vadregexscan.VadRegExScan	maxsize	Int	1	128		"Maximum size in bytes for displayed context"
windows.vadwalk.VadWalk	kernel	Module	0	false	Intel32,Intel64	"Windows kernel"
windows.vadwalk.VadWalk	pslist	Version	0	false		"Version 3.0.0 dependency on volatility3.plugins.windows.pslist.PsList unmet"
windows.vadwalk.VadWalk	vadinfo	Version	0	false		"Version 2.0.0 dependency on volatility3.plugins.windows.vadinfo.VadInfo unmet"
windows.vadwalk.VadWalk	pid	List	1	null	int	"Process IDs to include (all other processes are excluded)"
windows.vadyarascan.VadYaraScan	insensitive	Bool	1	false		"Makes the search case insensitive"
windows.vadyarascan.VadYaraScan	wide	Bool	1	false		"Match wide (unicode) strings"
windows.vadyarascan.VadYaraScan	yara_string	String	1	null		"Yara rules (as a string)"
windows.vadyarascan.VadYaraScan	yara_file	URI	1	null		"Yara rules (as a file)"
windows.vadyarascan.VadYaraScan	yara_compiled_file	URI	1	null		"Yara compiled rules (as a file)"
windows.vadyarascan.VadYaraScan	max_size	Int	1	1073741824		"Set the maximum size (default is 1GB)"
windows.vadyarascan.VadYaraScan	kernel	Module	0	false	Intel32,Intel64	"Windows kernel"
windows.vadyarascan.VadYaraScan	pslist	Version	0	false		"Version 3.0.0 dependency on volatility3.plugins.windows.pslist.PsList unmet"
windows.vadyarascan.VadYaraScan	yarascanner	Version	0	false		"Version 2.0.0 dependency on volatility3.plugins.yarascan.YaraScanner unmet"
windows.vadyarascan.VadYaraScan	yarascan	Version	0	false		"Version 2.0.0 dependency on volatility3.plugins.yarascan.YaraScan unmet"
windows.vadyarascan.VadYaraScan	pid	List	1	null	int	"Process IDs to include (all other processes are excluded)"
windows.verinfo.VerInfo	kernel	Module	0	false	Intel32,Intel64	"Windows kernel"
windows.verinfo.VerInfo	pslist	Version	0	false		"Version 3.0.0 dependency on volatility3.plugins.windows.pslist.PsList unmet"
windows.verinfo.VerInfo	modules	Version	0	false		"Version 3.0.0 dependency on volatility3.plugins.windows.modules.Modules unmet"
windows.verinfo.VerInfo	page_start_scanner	Version	0	false		"Version 1.0.0 dependency on volatility3.framework.layers.scanners.BytesScanner unmet"
windows.verinfo.VerInfo	extensive	Bool	1	false		"Search physical layer for version information"
windows.virtmap.VirtMap	kernel	Module	0	false	Intel32,Intel64	"Windows kernel"
windows.windows.Windows	kernel	Module	0	false	Intel32,Intel64	"Windows kernel"
windows.windows.Windows	windowstations	Version	0	false		"Version 1.0.0 dependency on volatility3.plugins.windows.windowstations.WindowStations unmet"
windows.windowstations.WindowStations	kernel	Module	0	false	Intel32,Intel64	"Windows kernel"
windows.windowstations.WindowStations	poolscanner	Version	0	false		"Version 3.0.0 dependency on volatility3.plugins.windows.poolscanner.PoolScanner unmet"
windows.windowstations.WindowStations	modules	Version	0	false		"Version 3.0.0 dependency on volatility3.plugins.windows.modules.Modules unmet"
windows.windowstations.WindowStations	GUIExtensions	Version	0	false		"Version 1.0.0 dependency on volatility3.framework.symbols.windows.extensions.gui.GUIExtensions unmet"
yarascan.YaraScan	insensitive	Bool	1	false		"Makes the search case insensitive"
yarascan.YaraScan	wide	Bool	1	false		"Match wide (unicode) strings"
yarascan.YaraScan	yara_string	String	1	null		"Yara rules (as a string)"
yarascan.YaraScan	yara_file	URI	1	null		"Yara rules (as a file)"
yarascan.YaraScan	yara_compiled_file	URI	1	null		"Yara compiled rules (as a file)"
yarascan.YaraScan	max_size	Int	1	1073741824		"Set the maximum size (default is 1GB)"
yarascan.YaraScan	primary	Layer	0	null	Intel32,Intel64;	"Memory layer for the kernel"
yarascan.YaraScan	yarascanner	Version	0	false		"Version 2.1.1 dependency on volatility3.plugins.yarascan.YaraScanner unmet"
