round	plugin	py_median_s	vr_cold_median_s	vr_warm_median_s	fv_cold_median_s	fv_steady_median_s	fv_warm_median_s	vr_cold_eq_py	vr_warm_eq_py	fv_cold_eq_py	fv_steady_eq_py	fv_warm_eq_py
windows	banners.Banners	13.336779	0.355286	0.360910	0.155462	0.152820	0.000761	1	1	1	1	1
windows	frameworkinfo.FrameworkInfo	0.229421	0.003050	0.002636	0.000681	0.000719	0.000624	0	0	1	1	1
windows	isfinfo.IsfInfo	0.229624	0.002387	0.002332	0.001344	0.001331	0.001332	0	0	1	1	1
windows	vmscan.Vmscan	1.330131	0.002774	0.002445	0.028166	0.027581	0.000734	1	1	1	1	1
windows	windows.amcache.Amcache	0.583070	0.279828	0.049847	0.022094	0.000839	0.001011	1	1	1	1	1
windows	windows.bigpools.BigPools	2.785807	0.311289	0.078214	0.023379	0.002384	0.002332	1	1	1	1	1
windows	windows.cachedump.Cachedump	1.275192	0.298675	0.057428	0.023446	0.001939	0.001878	1	1	1	1	1
windows	windows.callbacks.Callbacks	10.350636	1.320776	1.110444	0.056389	0.032345	0.003395	1	1	1	1	1
windows	windows.cmdline.CmdLine	0.656136	0.294772	0.054646	0.023255	0.001862	0.002126	1	1	1	1	1
windows	windows.cmdscan.CmdScan	3.474228	0.408992	0.182964	0.026620	0.006096	0.002630	0	0	1	1	1
windows	windows.consoles.Consoles	4.817630	0.418110	0.182487	0.025026	0.004216	0.004067	0	0	1	1	1
windows	windows.crashinfo.Crashinfo	0.286392	0.285485	0.049167	0.000648	0.000647	0.000526	1	1	1	1	1
windows	windows.debugregisters.DebugRegisters	10.583451	0.288336	0.055479	0.025938	0.005280	0.004604	1	1	1	1	1
windows	windows.deskscan.DeskScan	7.537130	1.160460	0.912074	0.055283	0.034043	0.004082	1	1	1	1	1
windows	windows.desktops.Desktops	9.695442	1.203240	0.964300	0.058298	0.035038	0.005334	1	1	1	1	1
windows	windows.devicetree.DeviceTree	7.812967	1.165105	0.929705	0.053636	0.033292	0.002561	1	1	1	1	1
windows	windows.dlllist.DllList	4.432907	0.350400	0.121240	0.025532	0.003989	0.003853	0	0	1	1	1
windows	windows.driverirp.DriverIrp	8.308139	1.152689	0.939435	0.057429	0.035908	0.005240	1	1	1	1	1
windows	windows.drivermodule.DriverModule	7.967512	1.157707	0.938654	0.054989	0.033321	0.002606	1	1	1	1	1
windows	windows.driverscan.DriverScan	7.865860	1.164018	0.950166	0.055932	0.033395	0.002267	1	1	1	1	1
windows	windows.dumpfiles.DumpFiles	86.277251	5.515855	4.582949	0.645574	0.624755	0.643088	0	0	1	1	1
windows	windows.envars.Envars	1.064535	0.289145	0.058556	0.023654	0.002736	0.002812	1	1	1	1	1
windows	windows.etwpatch.EtwPatch	10.191119	0.374556	0.127632	0.038405	0.009320	0.008724	1	1	1	1	1
windows	windows.filescan.FileScan	14.337549	1.244779	1.013680	0.059478	0.037663	0.007801	0	0	1	1	1
windows	windows.getservicesids.GetServiceSIDs	1.436942	0.311608	0.075261	0.023677	0.001699	0.001562	1	1	1	1	1
windows	windows.getsids.GetSIDs	1.781783	0.313203	0.071914	0.025076	0.003007	0.003061	0	0	1	1	1
windows	windows.handles.Handles	22.728182	0.594293	0.360679	0.027526	0.007032	0.006680	1	1	1	1	1
windows	windows.hashdump.Hashdump	1.209598	0.289641	0.056718	0.024255	0.002049	0.001925	0	0	1	1	1
windows	windows.iat.IAT	3.022531	0.326896	0.091058	0.024912	0.004224	0.004283	1	1	1	1	1
windows	windows.info.Info	0.466205	0.277648	0.048319	0.022176	0.000990	0.000995	0	0	1	1	1
windows	windows.joblinks.JobLinks	0.706518	0.287549	0.055045	0.022936	0.002073	0.001991	1	1	1	1	1
windows	windows.kpcrs.KPCRs	0.553081	0.280198	0.048187	0.022367	0.000771	0.000669	1	1	1	1	1
windows	windows.lsadump.Lsadump	1.284813	0.290091	0.055059	0.023619	0.002018	0.002302	0	0	1	1	1
windows	windows.malware.drivermodule.DriverModule	7.890693	1.154272	0.944142	0.055365	0.033829	0.002615	1	1	1	1	1
windows	windows.mbrscan.MBRScan	9.397608	0.716272	0.484365	0.192095	0.167076	0.022275	0	0	1	1	1
windows	windows.modscan.ModScan	7.316028	1.138898	0.911283	0.055119	0.032876	0.001223	1	1	1	1	1
windows	windows.modules.Modules	0.549466	0.278893	0.050686	0.022601	0.001163	0.001171	1	1	1	1	1
windows	windows.mutantscan.MutantScan	7.676182	1.137181	0.926999	0.056336	0.033350	0.002335	1	1	1	1	1
windows	windows.netscan.NetScan	10.485787	1.157064	0.920274	0.055014	0.032982	0.001892	1	1	1	1	1
windows	windows.netstat.NetStat	0.677403	0.534441	0.287212	0.027872	0.001755	0.001879	1	1	1	1	1
windows	windows.orphan_kernel_threads.Threads	9.392940	1.163110	0.953814	0.056739	0.035104	0.003503	1	1	1	1	1
windows	windows.pe_symbols.PESymbols	0.234112	0.002489	0.001784	0.000643	0.000568	0.000579	1	1	1	1	1
windows	windows.poolscanner.PoolScanner	21.497850	1.524521	1.250795	0.060951	0.037858	0.009442	0	0	1	1	1
windows	windows.privileges.Privs	0.696898	0.287767	0.055215	0.023407	0.002382	0.002144	1	1	1	1	1
windows	windows.pslist.PsList	0.638015	0.282209	0.052496	0.023010	0.001070	0.001281	1	1	1	1	1
windows	windows.psscan.PsScan	8.461564	1.187675	0.948829	0.055566	0.033686	0.002912	1	1	1	1	1
windows	windows.pstree.PsTree	0.767299	0.309001	0.056394	0.023494	0.002051	0.002393	1	1	1	1	1
windows	windows.registry.amcache.Amcache	0.571924	0.305988	0.053020	0.023151	0.000980	0.000869	1	1	1	1	1
windows	windows.registry.cachedump.Cachedump	1.255980	0.289360	0.055820	0.023905	0.001865	0.001827	1	1	1	1	1
windows	windows.registry.certificates.Certificates	2.674001	0.329228	0.099447	0.022945	0.002125	0.001887	1	1	1	1	1
windows	windows.registry.getcellroutine.GetCellRoutine	0.893664	0.400432	0.156815	0.023292	0.002189	0.001813	1	1	1	1	1
windows	windows.registry.hashdump.Hashdump	1.188024	0.282370	0.056123	0.023161	0.002005	0.001874	0	0	1	1	1
windows	windows.registry.hivelist.HiveList	0.569795	0.276215	0.047856	0.022389	0.001005	0.001066	1	1	1	1	1
windows	windows.registry.hivescan.HiveScan	1.976283	0.301496	0.064594	0.023412	0.001281	0.001341	1	1	1	1	1
windows	windows.registry.lsadump.Lsadump	1.252322	0.288208	0.055495	0.023961	0.002191	0.002176	0	0	1	1	1
windows	windows.registry.printkey.PrintKey	1.522113	0.299231	0.069005	0.024358	0.002728	0.002677	1	1	1	1	1
windows	windows.registry.scheduled_tasks.ScheduledTasks	3.647180	0.337856	0.095202	0.024180	0.002398	0.002597	1	1	1	1	1
windows	windows.registry.userassist.UserAssist	1.077383	0.292674	0.063634	0.023458	0.001676	0.001314	1	1	1	1	1
windows	windows.scheduled_tasks.ScheduledTasks	3.573744	0.328476	0.096410	0.023126	0.002256	0.002389	1	1	1	1	1
windows	windows.sessions.Sessions	0.676071	0.285072	0.055568	0.023413	0.002057	0.002066	1	1	1	1	1
windows	windows.shimcachemem.ShimcacheMem	0.917715	0.288490	0.055901	0.023488	0.001507	0.001678	1	1	1	1	1
windows	windows.ssdt.SSDT	0.658893	0.282466	0.055441	0.023805	0.002755	0.002298	1	1	1	1	1
windows	windows.suspended_threads.SuspendedThreads	10.948542	0.284324	0.058093	0.031687	0.005866	0.005904	1	1	1	1	1
windows	windows.symlinkscan.SymlinkScan	7.709097	1.170268	0.863729	0.052901	0.030512	0.002223	1	1	1	1	1
windows	windows.thrdscan.ThrdScan	19.055577	1.169565	0.960230	0.055353	0.033064	0.004574	1	1	1	1	1
windows	windows.threads.Threads	10.305213	0.354833	0.144725	0.024780	0.003968	0.003931	1	1	1	1	1
windows	windows.timers.Timers	0.968764	0.270201	0.052959	0.023220	0.002439	0.002233	1	1	1	1	1
windows	windows.truecrypt.Passphrase	0.494901	0.269987	0.049007	0.021847	0.001010	0.000874	1	1	1	1	1
windows	windows.unloadedmodules.UnloadedModules	0.465655	0.261839	0.049021	0.021742	0.000874	0.000796	1	1	1	1	1
windows	windows.vadinfo.VadInfo	53.323080	0.465077	0.236717	0.025990	0.005239	0.004973	1	1	1	1	1
windows	windows.vadwalk.VadWalk	10.426684	0.421301	0.163558	0.024140	0.003796	0.003735	1	1	1	1	1
windows	windows.verinfo.VerInfo	30.137525	0.374570	0.143760	0.028930	0.008302	0.008160	1	1	1	1	1
windows	windows.virtmap.VirtMap	0.469217	0.273233	0.047625	0.021966	0.000813	0.000756	1	1	1	1	1
windows	windows.windows.Windows	10.219304	1.158407	0.917646	0.055652	0.033539	0.005798	0	0	0	0	0
windows	windows.windowstations.WindowStations	9.741935	1.173449	0.919110	0.055136	0.032059	0.003956	0	0	1	1	1
windows	windows.statistics.Statistics	948.389784	36.764414	36.516210	0.023807	0.003945	0.003929	1	1	1	1	1
windows	timeliner.Timeliner	818.927590	8.372877	7.971103	0.652772	0.597799	0.316065	0	0	1	1	1
linux	banners.Banners	12.543871	0.228854	0.229866	0.096459	0.096466	0.000861	1	1	1	1	1
linux	linux.bash.Bash	8.767303	1.007772	0.105546	0.057003	0.005124	0.004125	1	1	1	1	1
linux	linux.boottime.Boottime	6.996112	0.971390	0.066772	0.058624	0.001375	0.001224	1	1	1	1	1
linux	linux.capabilities.Capabilities	7.115259	0.972804	0.068228	0.055645	0.002023	0.001760	1	1	1	1	1
linux	linux.check_afinfo.Check_afinfo	12.479874	1.052281	0.162976	0.058330	0.002840	0.002298	1	1	1	1	1
linux	linux.check_creds.Check_creds	6.984340	0.970308	0.067178	0.056941	0.001183	0.001196	1	1	1	1	1
linux	linux.check_idt.Check_idt	18.273452	1.062066	0.160571	0.058476	0.003776	0.003299	1	1	1	1	1
linux	linux.check_modules.Check_modules	7.073437	0.969306	0.066086	0.058053	0.001224	0.000928	1	1	1	1	1
linux	linux.check_syscall.Check_syscall	16.139768	1.147999	0.255165	0.077850	0.006959	0.005229	1	1	1	1	1
linux	linux.ebpf.EBPF	6.207714	0.967206	0.064902	0.057640	0.001232	0.001014	1	1	1	1	1
linux	linux.elfs.Elfs	10.158333	1.048900	0.143878	0.060282	0.003295	0.002971	1	1	1	1	1
linux	linux.envars.Envars	6.527018	0.975137	0.070230	0.055358	0.002078	0.001916	1	1	1	1	1
linux	linux.graphics.fbdev.Fbdev	5.078107	0.972176	0.065752	0.055981	0.000675	0.000857	1	1	1	1	1
linux	linux.hidden_modules.Hidden_modules	11.517393	1.205905	0.294462	0.056214	0.002492	0.001807	1	1	1	1	1
linux	linux.iomem.IOMem	5.433511	0.963616	0.064774	0.059962	0.001070	0.000881	1	1	1	1	1
linux	linux.ip.Addr	6.755768	0.974163	0.065665	0.058222	0.001127	0.001082	0	0	1	1	1
linux	linux.ip.Link	6.655942	0.964875	0.064750	0.057406	0.001096	0.000943	0	0	1	1	1
linux	linux.kallsyms.Kallsyms	49.278031	1.478855	0.582390	0.066435	0.013859	0.015948	0	0	1	1	1
linux	linux.keyboard_notifiers.Keyboard_notifiers	11.082116	1.061093	0.162575	0.057264	0.002631	0.002213	0	0	1	1	1
linux	linux.kmsg.Kmsg	5.539386	0.976233	0.070323	0.058764	0.001566	0.001397	1	1	1	1	1
linux	linux.kthreads.Kthreads	16.041303	1.068475	0.165638	0.059706	0.005061	0.004967	1	1	1	1	1
linux	linux.library_list.LibraryList	47.505772	1.037970	0.138240	0.060795	0.004043	0.003605	1	1	1	1	1
linux	linux.lsmod.Lsmod	10.002070	0.979146	0.066744	0.056112	0.001494	0.001485	1	1	1	1	1
linux	linux.lsof.Lsof	11.451201	0.992846	0.091408	0.058319	0.004168	0.004213	1	1	1	1	1
linux	linux.malfind.Malfind	18.700489	1.111703	0.216410	0.058776	0.004943	0.004548	0	0	1	1	1
linux	linux.malware.check_afinfo.Check_afinfo	9.723431	1.056713	0.164619	0.055608	0.002739	0.002300	1	1	1	1	1
linux	linux.malware.check_creds.Check_creds	5.346769	0.970052	0.066924	0.059040	0.001397	0.001310	1	1	1	1	1
linux	linux.malware.check_idt.Check_idt	15.326556	1.063160	0.162571	0.058454	0.003696	0.003551	1	1	1	1	1
linux	linux.malware.check_modules.Check_modules	5.537613	0.973042	0.066615	0.057643	0.001131	0.001224	1	1	1	1	1
linux	linux.malware.check_syscall.Check_syscall	12.367918	1.149205	0.259123	0.073115	0.005838	0.005262	1	1	1	1	1
linux	linux.malware.hidden_modules.Hidden_modules	10.022237	1.195011	0.303330	0.056912	0.002062	0.001918	1	1	1	1	1
linux	linux.malware.keyboard_notifiers.Keyboard_notifiers	10.197885	1.066380	0.162556	0.057127	0.002552	0.002272	0	0	1	1	1
linux	linux.malware.malfind.Malfind	18.073733	1.120207	0.216220	0.055792	0.005074	0.004676	0	0	1	1	1
linux	linux.malware.modxview.Modxview	10.612855	1.194322	0.288105	0.058555	0.002564	0.002187	1	1	1	1	1
linux	linux.malware.netfilter.Netfilter	21.106144	1.064384	0.167428	0.056921	0.004154	0.003797	0	0	1	1	1
linux	linux.malware.process_spoofing.ProcessSpoofing	4.684021	0.966586	0.069212	0.059223	0.002134	0.001972	1	1	1	1	1
linux	linux.malware.tty_check.Tty_Check	16.417947	1.065659	0.161964	0.059002	0.004512	0.004496	1	1	1	1	1
linux	linux.modxview.Modxview	11.382990	1.185187	0.289488	0.060643	0.002355	0.002219	1	1	1	1	1
linux	linux.mountinfo.MountInfo	6.661122	0.973039	0.076295	0.056586	0.002539	0.002218	1	1	1	1	1
linux	linux.netfilter.Netfilter	21.488531	1.059884	0.161738	0.058216	0.003854	0.003821	0	0	1	1	1
linux	linux.pagecache.Files	35.357469	1.432301	0.524446	0.074620	0.012814	0.012094	1	1	1	1	1
linux	linux.pagecache.InodePages	4.130882	0.962177	0.067075	0.058399	0.000841	0.000778	1	1	1	1	1
linux	linux.pidhashtable.PIDHashTable	6.198109	0.978091	0.067780	0.058438	0.001784	0.001560	1	1	1	1	1
linux	linux.proc.Maps	19.977799	1.136071	0.235422	0.057996	0.005368	0.004933	1	1	1	1	1
linux	linux.psaux.PsAux	6.062621	0.971777	0.074279	0.056409	0.001976	0.001927	1	1	1	1	1
linux	linux.pslist.PsList	5.606177	0.967157	0.067680	0.056976	0.001673	0.001359	1	1	1	1	1
linux	linux.psscan.PsScan	35.298712	1.087602	0.258051	0.155131	0.106050	0.007298	1	1	1	1	1
linux	linux.pstree.PsTree	5.646836	0.968489	0.066846	0.057401	0.001812	0.001413	1	1	1	1	1
linux	linux.ptrace.Ptrace	5.775709	0.973214	0.070176	0.056028	0.001705	0.001478	0	0	1	1	1
linux	linux.sockscan.Sockscan	15.981270	1.072394	0.219398	0.155125	0.103036	0.003751	1	1	1	1	1
linux	linux.sockstat.Sockstat	12.671026	0.996303	0.089533	0.057482	0.004107	0.004428	1	1	1	1	1
linux	linux.tracing.ftrace.CheckFtrace	16.203251	1.055404	0.164516	0.058220	0.003933	0.003969	1	1	1	1	1
linux	linux.tracing.perf_events.PerfEvents	5.147082	0.965361	0.067232	0.059118	0.001638	0.001446	0	0	1	1	1
linux	linux.tracing.tracepoints.CheckTracepoints	16.499981	1.055541	0.165681	0.055542	0.003315	0.003108	0	0	1	1	1
linux	linux.tty_check.tty_check	16.330030	1.067828	0.161666	0.060244	0.004049	0.004031	1	1	1	1	1
linux	linux.vmcoreinfo.VMCoreInfo	5.005896	1.595966	0.754052	0.161349	0.103829	0.000960	1	1	1	1	1
linux	linux.pagecache.RecoverFs	423.064710	56.100693	56.102354	1.609912	1.921704	1.987346	0	0	1	1	1
linux	linux.pscallstack.PsCallStack	332.700387	1.180353	0.281998	0.060050	0.004913	0.004872	1	1	1	1	1
linux	timeliner.Timeliner	128.868518	1.475166	0.643881	0.165190	0.115439	0.048658	0	0	1	1	1
